date,sku_id,category,sales_qty,stock_on_hand,on_order,unit_cost,unit_margin,lead_time_days,moq,available_budget
2025-01-01,SKU-001,Makanan,0,63,0,2500.0,300.0,3,1,8000000
2025-01-02,SKU-001,Makanan,0,63,0,2500.0,300.0,3,1,8000000
2025-01-03,SKU-001,Makanan,0,63,0,2500.0,300.0,3,1,8000000
2025-01-04,SKU-001,Makanan,0,63,0,2500.0,300.0,3,1,8000000
2025-01-05,SKU-001,Makanan,0,63,0,2500.0,300.0,3,1,8000000
2025-01-06,SKU-001,Makanan,2,61,0,2500.0,300.0,3,1,8000000
2025-01-07,SKU-001,Makanan,0,61,0,2500.0,300.0,3,1,8000000
2025-01-08,SKU-001,Makanan,1,60,0,2500.0,300.0,3,1,8000000
2025-01-09,SKU-001,Makanan,0,60,0,2500.0,300.0,3,1,8000000
2025-01-10,SKU-001,Makanan,0,60,0,2500.0,300.0,3,1,8000000
2025-01-11,SKU-001,Makanan,1,68,0,2500.0,300.0,3,1,8000000
2025-01-12,SKU-001,Makanan,1,67,0,2500.0,300.0,3,1,8000000
2025-01-13,SKU-001,Makanan,1,66,0,2500.0,300.0,3,1,8000000
2025-01-14,SKU-001,Makanan,0,66,0,2500.0,300.0,3,1,8000000
2025-01-15,SKU-001,Makanan,0,66,0,2500.0,300.0,3,1,8000000
2025-01-16,SKU-001,Makanan,0,66,0,2500.0,300.0,3,1,8000000
2025-01-17,SKU-001,Makanan,1,65,0,2500.0,300.0,3,1,8000000
2025-01-18,SKU-001,Makanan,2,63,0,2500.0,300.0,3,1,8000000
2025-01-19,SKU-001,Makanan,2,61,0,2500.0,300.0,3,1,8000000
2025-01-20,SKU-001,Makanan,0,61,0,2500.0,300.0,3,1,8000000
2025-01-21,SKU-001,Makanan,0,70,0,2500.0,300.0,3,1,8000000
2025-01-22,SKU-001,Makanan,0,70,0,2500.0,300.0,3,1,8000000
2025-01-23,SKU-001,Makanan,1,69,0,2500.0,300.0,3,1,8000000
2025-01-24,SKU-001,Makanan,0,69,0,2500.0,300.0,3,1,8000000
2025-01-25,SKU-001,Makanan,0,69,0,2500.0,300.0,3,1,8000000
2025-01-26,SKU-001,Makanan,3,66,0,2500.0,300.0,3,1,8000000
2025-01-27,SKU-001,Makanan,0,66,0,2500.0,300.0,3,1,8000000
2025-01-28,SKU-001,Makanan,0,66,0,2500.0,300.0,3,1,8000000
2025-01-29,SKU-001,Makanan,0,66,0,2500.0,300.0,3,1,8000000
2025-01-30,SKU-001,Makanan,2,64,0,2500.0,300.0,3,1,8000000
2025-01-31,SKU-001,Makanan,0,73,0,2500.0,300.0,3,1,8000000
2025-02-01,SKU-001,Makanan,0,73,0,2500.0,300.0,3,1,8000000
2025-02-02,SKU-001,Makanan,0,73,0,2500.0,300.0,3,1,8000000
2025-02-03,SKU-001,Makanan,0,73,0,2500.0,300.0,3,1,8000000
2025-02-04,SKU-001,Makanan,0,73,0,2500.0,300.0,3,1,8000000
2025-02-05,SKU-001,Makanan,0,73,0,2500.0,300.0,3,1,8000000
2025-02-06,SKU-001,Makanan,0,73,0,2500.0,300.0,3,1,8000000
2025-02-07,SKU-001,Makanan,0,73,0,2500.0,300.0,3,1,8000000
2025-02-08,SKU-001,Makanan,1,72,0,2500.0,300.0,3,1,8000000
2025-02-09,SKU-001,Makanan,1,71,0,2500.0,300.0,3,1,8000000
2025-02-10,SKU-001,Makanan,1,79,0,2500.0,300.0,3,1,8000000
2025-02-11,SKU-001,Makanan,3,76,0,2500.0,300.0,3,1,8000000
2025-02-12,SKU-001,Makanan,1,75,0,2500.0,300.0,3,1,8000000
2025-02-13,SKU-001,Makanan,1,74,0,2500.0,300.0,3,1,8000000
2025-02-14,SKU-001,Makanan,0,74,0,2500.0,300.0,3,1,8000000
2025-02-15,SKU-001,Makanan,1,73,0,2500.0,300.0,3,1,8000000
2025-02-16,SKU-001,Makanan,0,73,0,2500.0,300.0,3,1,8000000
2025-02-17,SKU-001,Makanan,0,73,0,2500.0,300.0,3,1,8000000
2025-02-18,SKU-001,Makanan,1,72,0,2500.0,300.0,3,1,8000000
2025-02-19,SKU-001,Makanan,0,72,0,2500.0,300.0,3,1,8000000
2025-02-20,SKU-001,Makanan,1,80,0,2500.0,300.0,3,1,8000000
2025-02-21,SKU-001,Makanan,0,80,0,2500.0,300.0,3,1,8000000
2025-02-22,SKU-001,Makanan,0,80,0,2500.0,300.0,3,1,8000000
2025-02-23,SKU-001,Makanan,0,80,0,2500.0,300.0,3,1,8000000
2025-02-24,SKU-001,Makanan,0,80,0,2500.0,300.0,3,1,8000000
2025-02-25,SKU-001,Makanan,0,80,0,2500.0,300.0,3,1,8000000
2025-02-26,SKU-001,Makanan,0,80,0,2500.0,300.0,3,1,8000000
2025-02-27,SKU-001,Makanan,0,80,0,2500.0,300.0,3,1,8000000
2025-02-28,SKU-001,Makanan,0,80,0,2500.0,300.0,3,1,8000000
2025-03-01,SKU-001,Makanan,0,80,0,2500.0,300.0,3,1,8000000
2025-03-02,SKU-001,Makanan,1,88,0,2500.0,300.0,3,1,8000000
2025-03-03,SKU-001,Makanan,0,88,0,2500.0,300.0,3,1,8000000
2025-03-04,SKU-001,Makanan,0,88,0,2500.0,300.0,3,1,8000000
2025-03-05,SKU-001,Makanan,0,88,0,2500.0,300.0,3,1,8000000
2025-03-06,SKU-001,Makanan,0,88,0,2500.0,300.0,3,1,8000000
2025-03-07,SKU-001,Makanan,1,87,0,2500.0,300.0,3,1,8000000
2025-03-08,SKU-001,Makanan,1,86,0,2500.0,300.0,3,1,8000000
2025-03-09,SKU-001,Makanan,1,85,0,2500.0,300.0,3,1,8000000
2025-03-10,SKU-001,Makanan,2,83,0,2500.0,300.0,3,1,8000000
2025-03-11,SKU-001,Makanan,0,83,0,2500.0,300.0,3,1,8000000
2025-03-12,SKU-001,Makanan,2,90,0,2500.0,300.0,3,1,8000000
2025-03-13,SKU-001,Makanan,1,89,0,2500.0,300.0,3,1,8000000
2025-03-14,SKU-001,Makanan,0,89,0,2500.0,300.0,3,1,8000000
2025-03-15,SKU-001,Makanan,2,87,0,2500.0,300.0,3,1,8000000
2025-03-16,SKU-001,Makanan,0,87,0,2500.0,300.0,3,1,8000000
2025-03-17,SKU-001,Makanan,0,87,0,2500.0,300.0,3,1,8000000
2025-03-18,SKU-001,Makanan,0,87,0,2500.0,300.0,3,1,8000000
2025-03-19,SKU-001,Makanan,0,87,0,2500.0,300.0,3,1,8000000
2025-03-20,SKU-001,Makanan,1,86,0,2500.0,300.0,3,1,8000000
2025-03-21,SKU-001,Makanan,1,85,0,2500.0,300.0,3,1,8000000
2025-03-22,SKU-001,Makanan,0,94,0,2500.0,300.0,3,1,8000000
2025-03-23,SKU-001,Makanan,0,94,0,2500.0,300.0,3,1,8000000
2025-03-24,SKU-001,Makanan,0,94,0,2500.0,300.0,3,1,8000000
2025-03-25,SKU-001,Makanan,2,92,0,2500.0,300.0,3,1,8000000
2025-03-26,SKU-001,Makanan,1,91,0,2500.0,300.0,3,1,8000000
2025-03-27,SKU-001,Makanan,1,90,0,2500.0,300.0,3,1,8000000
2025-03-28,SKU-001,Makanan,0,90,0,2500.0,300.0,3,1,8000000
2025-03-29,SKU-001,Makanan,3,87,0,2500.0,300.0,3,1,8000000
2025-03-30,SKU-001,Makanan,1,86,0,2500.0,300.0,3,1,8000000
2025-03-31,SKU-001,Makanan,0,86,0,2500.0,300.0,3,1,8000000
2025-04-01,SKU-001,Makanan,1,94,0,2500.0,300.0,3,1,8000000
2025-04-02,SKU-001,Makanan,1,93,0,2500.0,300.0,3,1,8000000
2025-04-03,SKU-001,Makanan,1,92,0,2500.0,300.0,3,1,8000000
2025-04-04,SKU-001,Makanan,0,92,0,2500.0,300.0,3,1,8000000
2025-04-05,SKU-001,Makanan,1,91,0,2500.0,300.0,3,1,8000000
2025-04-06,SKU-001,Makanan,1,90,0,2500.0,300.0,3,1,8000000
2025-04-07,SKU-001,Makanan,0,90,0,2500.0,300.0,3,1,8000000
2025-04-08,SKU-001,Makanan,0,90,0,2500.0,300.0,3,1,8000000
2025-04-09,SKU-001,Makanan,0,90,0,2500.0,300.0,3,1,8000000
2025-04-10,SKU-001,Makanan,0,90,0,2500.0,300.0,3,1,8000000
2025-04-11,SKU-001,Makanan,2,97,0,2500.0,300.0,3,1,8000000
2025-04-12,SKU-001,Makanan,0,97,0,2500.0,300.0,3,1,8000000
2025-04-13,SKU-001,Makanan,1,96,0,2500.0,300.0,3,1,8000000
2025-04-14,SKU-001,Makanan,0,96,0,2500.0,300.0,3,1,8000000
2025-04-15,SKU-001,Makanan,0,96,0,2500.0,300.0,3,1,8000000
2025-04-16,SKU-001,Makanan,0,96,0,2500.0,300.0,3,1,8000000
2025-04-17,SKU-001,Makanan,1,95,0,2500.0,300.0,3,1,8000000
2025-04-18,SKU-001,Makanan,0,95,0,2500.0,300.0,3,1,8000000
2025-04-19,SKU-001,Makanan,0,95,0,2500.0,300.0,3,1,8000000
2025-04-20,SKU-001,Makanan,0,95,0,2500.0,300.0,3,1,8000000
2025-04-21,SKU-001,Makanan,0,104,0,2500.0,300.0,3,1,8000000
2025-04-22,SKU-001,Makanan,0,104,0,2500.0,300.0,3,1,8000000
2025-04-23,SKU-001,Makanan,1,103,0,2500.0,300.0,3,1,8000000
2025-04-24,SKU-001,Makanan,0,103,0,2500.0,300.0,3,1,8000000
2025-04-25,SKU-001,Makanan,2,101,0,2500.0,300.0,3,1,8000000
2025-04-26,SKU-001,Makanan,0,101,0,2500.0,300.0,3,1,8000000
2025-04-27,SKU-001,Makanan,0,101,0,2500.0,300.0,3,1,8000000
2025-04-28,SKU-001,Makanan,2,99,0,2500.0,300.0,3,1,8000000
2025-04-29,SKU-001,Makanan,1,98,0,2500.0,300.0,3,1,8000000
2025-04-30,SKU-001,Makanan,2,96,0,2500.0,300.0,3,1,8000000
2025-05-01,SKU-001,Makanan,0,105,0,2500.0,300.0,3,1,8000000
2025-05-02,SKU-001,Makanan,0,105,0,2500.0,300.0,3,1,8000000
2025-05-03,SKU-001,Makanan,1,104,0,2500.0,300.0,3,1,8000000
2025-05-04,SKU-001,Makanan,3,101,0,2500.0,300.0,3,1,8000000
2025-05-05,SKU-001,Makanan,0,101,0,2500.0,300.0,3,1,8000000
2025-05-06,SKU-001,Makanan,4,97,0,2500.0,300.0,3,1,8000000
2025-05-07,SKU-001,Makanan,0,97,0,2500.0,300.0,3,1,8000000
2025-05-08,SKU-001,Makanan,0,97,0,2500.0,300.0,3,1,8000000
2025-05-09,SKU-001,Makanan,0,97,0,2500.0,300.0,3,1,8000000
2025-05-10,SKU-001,Makanan,0,97,0,2500.0,300.0,3,1,8000000
2025-05-11,SKU-001,Makanan,0,106,0,2500.0,300.0,3,1,8000000
2025-05-12,SKU-001,Makanan,1,105,0,2500.0,300.0,3,1,8000000
2025-05-13,SKU-001,Makanan,1,104,0,2500.0,300.0,3,1,8000000
2025-05-14,SKU-001,Makanan,0,104,0,2500.0,300.0,3,1,8000000
2025-05-15,SKU-001,Makanan,0,104,0,2500.0,300.0,3,1,8000000
2025-05-16,SKU-001,Makanan,0,104,0,2500.0,300.0,3,1,8000000
2025-05-17,SKU-001,Makanan,1,103,0,2500.0,300.0,3,1,8000000
2025-05-18,SKU-001,Makanan,1,102,0,2500.0,300.0,3,1,8000000
2025-05-19,SKU-001,Makanan,1,101,0,2500.0,300.0,3,1,8000000
2025-05-20,SKU-001,Makanan,0,101,0,2500.0,300.0,3,1,8000000
2025-05-21,SKU-001,Makanan,0,110,0,2500.0,300.0,3,1,8000000
2025-05-22,SKU-001,Makanan,0,110,0,2500.0,300.0,3,1,8000000
2025-05-23,SKU-001,Makanan,1,109,0,2500.0,300.0,3,1,8000000
2025-05-24,SKU-001,Makanan,1,108,0,2500.0,300.0,3,1,8000000
2025-05-25,SKU-001,Makanan,0,108,0,2500.0,300.0,3,1,8000000
2025-05-26,SKU-001,Makanan,1,107,0,2500.0,300.0,3,1,8000000
2025-05-27,SKU-001,Makanan,0,107,0,2500.0,300.0,3,1,8000000
2025-05-28,SKU-001,Makanan,0,107,0,2500.0,300.0,3,1,8000000
2025-05-29,SKU-001,Makanan,0,107,0,2500.0,300.0,3,1,8000000
2025-05-30,SKU-001,Makanan,0,107,0,2500.0,300.0,3,1,8000000
2025-05-31,SKU-001,Makanan,3,113,0,2500.0,300.0,3,1,8000000
2025-06-01,SKU-001,Makanan,2,111,0,2500.0,300.0,3,1,8000000
2025-06-02,SKU-001,Makanan,1,110,0,2500.0,300.0,3,1,8000000
2025-06-03,SKU-001,Makanan,0,110,0,2500.0,300.0,3,1,8000000
2025-06-04,SKU-001,Makanan,2,108,0,2500.0,300.0,3,1,8000000
2025-06-05,SKU-001,Makanan,0,108,0,2500.0,300.0,3,1,8000000
2025-06-06,SKU-001,Makanan,1,107,0,2500.0,300.0,3,1,8000000
2025-06-07,SKU-001,Makanan,1,106,0,2500.0,300.0,3,1,8000000
2025-06-08,SKU-001,Makanan,1,105,0,2500.0,300.0,3,1,8000000
2025-06-09,SKU-001,Makanan,0,105,0,2500.0,300.0,3,1,8000000
2025-06-10,SKU-001,Makanan,0,114,0,2500.0,300.0,3,1,8000000
2025-06-11,SKU-001,Makanan,0,114,0,2500.0,300.0,3,1,8000000
2025-06-12,SKU-001,Makanan,0,114,0,2500.0,300.0,3,1,8000000
2025-06-13,SKU-001,Makanan,1,113,0,2500.0,300.0,3,1,8000000
2025-06-14,SKU-001,Makanan,2,111,0,2500.0,300.0,3,1,8000000
2025-06-15,SKU-001,Makanan,2,109,0,2500.0,300.0,3,1,8000000
2025-06-16,SKU-001,Makanan,2,107,0,2500.0,300.0,3,1,8000000
2025-06-17,SKU-001,Makanan,0,107,0,2500.0,300.0,3,1,8000000
2025-06-18,SKU-001,Makanan,1,106,0,2500.0,300.0,3,1,8000000
2025-06-19,SKU-001,Makanan,1,105,0,2500.0,300.0,3,1,8000000
2025-06-20,SKU-001,Makanan,0,114,0,2500.0,300.0,3,1,8000000
2025-06-21,SKU-001,Makanan,0,114,0,2500.0,300.0,3,1,8000000
2025-06-22,SKU-001,Makanan,2,112,0,2500.0,300.0,3,1,8000000
2025-06-23,SKU-001,Makanan,0,112,0,2500.0,300.0,3,1,8000000
2025-06-24,SKU-001,Makanan,0,112,0,2500.0,300.0,3,1,8000000
2025-06-25,SKU-001,Makanan,3,109,0,2500.0,300.0,3,1,8000000
2025-06-26,SKU-001,Makanan,0,109,0,2500.0,300.0,3,1,8000000
2025-06-27,SKU-001,Makanan,0,109,0,2500.0,300.0,3,1,8000000
2025-06-28,SKU-001,Makanan,0,109,0,2500.0,300.0,3,1,8000000
2025-06-29,SKU-001,Makanan,0,109,0,2500.0,300.0,3,1,8000000
2025-06-30,SKU-001,Makanan,0,118,0,2500.0,300.0,3,1,8000000
2025-07-01,SKU-001,Makanan,1,117,0,2500.0,300.0,3,1,8000000
2025-07-02,SKU-001,Makanan,2,115,0,2500.0,300.0,3,1,8000000
2025-07-03,SKU-001,Makanan,1,114,0,2500.0,300.0,3,1,8000000
2025-07-04,SKU-001,Makanan,2,112,0,2500.0,300.0,3,1,8000000
2025-07-05,SKU-001,Makanan,0,112,0,2500.0,300.0,3,1,8000000
2025-07-06,SKU-001,Makanan,1,111,0,2500.0,300.0,3,1,8000000
2025-07-07,SKU-001,Makanan,0,111,0,2500.0,300.0,3,1,8000000
2025-07-08,SKU-001,Makanan,0,111,0,2500.0,300.0,3,1,8000000
2025-07-09,SKU-001,Makanan,0,111,0,2500.0,300.0,3,1,8000000
2025-07-10,SKU-001,Makanan,1,119,0,2500.0,300.0,3,1,8000000
2025-07-11,SKU-001,Makanan,1,118,0,2500.0,300.0,3,1,8000000
2025-07-12,SKU-001,Makanan,0,118,0,2500.0,300.0,3,1,8000000
2025-07-13,SKU-001,Makanan,1,117,0,2500.0,300.0,3,1,8000000
2025-07-14,SKU-001,Makanan,1,116,0,2500.0,300.0,3,1,8000000
2025-07-15,SKU-001,Makanan,0,116,0,2500.0,300.0,3,1,8000000
2025-07-16,SKU-001,Makanan,0,116,0,2500.0,300.0,3,1,8000000
2025-07-17,SKU-001,Makanan,0,116,0,2500.0,300.0,3,1,8000000
2025-07-18,SKU-001,Makanan,1,115,0,2500.0,300.0,3,1,8000000
2025-07-19,SKU-001,Makanan,0,115,0,2500.0,300.0,3,1,8000000
2025-07-20,SKU-001,Makanan,0,124,0,2500.0,300.0,3,1,8000000
2025-07-21,SKU-001,Makanan,0,124,0,2500.0,300.0,3,1,8000000
2025-07-22,SKU-001,Makanan,1,123,0,2500.0,300.0,3,1,8000000
2025-07-23,SKU-001,Makanan,1,122,0,2500.0,300.0,3,1,8000000
2025-07-24,SKU-001,Makanan,0,122,0,2500.0,300.0,3,1,8000000
2025-07-25,SKU-001,Makanan,2,120,0,2500.0,300.0,3,1,8000000
2025-07-26,SKU-001,Makanan,3,117,0,2500.0,300.0,3,1,8000000
2025-07-27,SKU-001,Makanan,2,115,0,2500.0,300.0,3,1,8000000
2025-07-28,SKU-001,Makanan,1,114,0,2500.0,300.0,3,1,8000000
2025-07-29,SKU-001,Makanan,1,113,0,2500.0,300.0,3,1,8000000
2025-07-30,SKU-001,Makanan,1,121,0,2500.0,300.0,3,1,8000000
2025-07-31,SKU-001,Makanan,0,121,0,2500.0,300.0,3,1,8000000
2025-08-01,SKU-001,Makanan,1,120,0,2500.0,300.0,3,1,8000000
2025-08-02,SKU-001,Makanan,3,117,0,2500.0,300.0,3,1,8000000
2025-08-03,SKU-001,Makanan,1,116,0,2500.0,300.0,3,1,8000000
2025-08-04,SKU-001,Makanan,0,116,0,2500.0,300.0,3,1,8000000
2025-08-05,SKU-001,Makanan,1,115,0,2500.0,300.0,3,1,8000000
2025-08-06,SKU-001,Makanan,2,113,0,2500.0,300.0,3,1,8000000
2025-08-07,SKU-001,Makanan,0,113,0,2500.0,300.0,3,1,8000000
2025-08-08,SKU-001,Makanan,1,112,0,2500.0,300.0,3,1,8000000
2025-01-01,SKU-002,Minuman,1,64,0,4750.0,736.25,5,6,8000000
2025-01-02,SKU-002,Minuman,1,63,0,4750.0,736.25,5,6,8000000
2025-01-03,SKU-002,Minuman,0,63,0,4750.0,736.25,5,6,8000000
2025-01-04,SKU-002,Minuman,2,61,0,4750.0,736.25,5,6,8000000
2025-01-05,SKU-002,Minuman,2,59,0,4750.0,736.25,5,6,8000000
2025-01-06,SKU-002,Minuman,0,59,0,4750.0,736.25,5,6,8000000
2025-01-07,SKU-002,Minuman,0,59,0,4750.0,736.25,5,6,8000000
2025-01-08,SKU-002,Minuman,1,58,0,4750.0,736.25,5,6,8000000
2025-01-09,SKU-002,Minuman,1,57,0,4750.0,736.25,5,6,8000000
2025-01-10,SKU-002,Minuman,2,55,0,4750.0,736.25,5,6,8000000
2025-01-11,SKU-002,Minuman,2,53,0,4750.0,736.25,5,6,8000000
2025-01-12,SKU-002,Minuman,4,49,0,4750.0,736.25,5,6,8000000
2025-01-13,SKU-002,Minuman,1,66,0,4750.0,736.25,5,6,8000000
2025-01-14,SKU-002,Minuman,1,65,0,4750.0,736.25,5,6,8000000
2025-01-15,SKU-002,Minuman,1,64,0,4750.0,736.25,5,6,8000000
2025-01-16,SKU-002,Minuman,0,64,0,4750.0,736.25,5,6,8000000
2025-01-17,SKU-002,Minuman,0,64,0,4750.0,736.25,5,6,8000000
2025-01-18,SKU-002,Minuman,2,62,0,4750.0,736.25,5,6,8000000
2025-01-19,SKU-002,Minuman,3,59,0,4750.0,736.25,5,6,8000000
2025-01-20,SKU-002,Minuman,1,58,0,4750.0,736.25,5,6,8000000
2025-01-21,SKU-002,Minuman,1,57,0,4750.0,736.25,5,6,8000000
2025-01-22,SKU-002,Minuman,1,56,0,4750.0,736.25,5,6,8000000
2025-01-23,SKU-002,Minuman,0,56,0,4750.0,736.25,5,6,8000000
2025-01-24,SKU-002,Minuman,1,55,0,4750.0,736.25,5,6,8000000
2025-01-25,SKU-002,Minuman,1,72,0,4750.0,736.25,5,6,8000000
2025-01-26,SKU-002,Minuman,0,72,0,4750.0,736.25,5,6,8000000
2025-01-27,SKU-002,Minuman,0,72,0,4750.0,736.25,5,6,8000000
2025-01-28,SKU-002,Minuman,1,71,0,4750.0,736.25,5,6,8000000
2025-01-29,SKU-002,Minuman,0,71,0,4750.0,736.25,5,6,8000000
2025-01-30,SKU-002,Minuman,0,71,0,4750.0,736.25,5,6,8000000
2025-01-31,SKU-002,Minuman,0,71,0,4750.0,736.25,5,6,8000000
2025-02-01,SKU-002,Minuman,2,69,0,4750.0,736.25,5,6,8000000
2025-02-02,SKU-002,Minuman,3,66,0,4750.0,736.25,5,6,8000000
2025-02-03,SKU-002,Minuman,1,65,0,4750.0,736.25,5,6,8000000
2025-02-04,SKU-002,Minuman,1,64,0,4750.0,736.25,5,6,8000000
2025-02-05,SKU-002,Minuman,0,64,0,4750.0,736.25,5,6,8000000
2025-02-06,SKU-002,Minuman,1,81,0,4750.0,736.25,5,6,8000000
2025-02-07,SKU-002,Minuman,1,80,0,4750.0,736.25,5,6,8000000
2025-02-08,SKU-002,Minuman,0,80,0,4750.0,736.25,5,6,8000000
2025-02-09,SKU-002,Minuman,1,79,0,4750.0,736.25,5,6,8000000
2025-02-10,SKU-002,Minuman,0,79,0,4750.0,736.25,5,6,8000000
2025-02-11,SKU-002,Minuman,0,79,0,4750.0,736.25,5,6,8000000
2025-02-12,SKU-002,Minuman,3,76,0,4750.0,736.25,5,6,8000000
2025-02-13,SKU-002,Minuman,0,76,0,4750.0,736.25,5,6,8000000
2025-02-14,SKU-002,Minuman,2,74,0,4750.0,736.25,5,6,8000000
2025-02-15,SKU-002,Minuman,1,73,0,4750.0,736.25,5,6,8000000
2025-02-16,SKU-002,Minuman,3,70,0,4750.0,736.25,5,6,8000000
2025-02-17,SKU-002,Minuman,0,70,0,4750.0,736.25,5,6,8000000
2025-02-18,SKU-002,Minuman,1,87,0,4750.0,736.25,5,6,8000000
2025-02-19,SKU-002,Minuman,0,87,0,4750.0,736.25,5,6,8000000
2025-02-20,SKU-002,Minuman,0,87,0,4750.0,736.25,5,6,8000000
2025-02-21,SKU-002,Minuman,0,87,0,4750.0,736.25,5,6,8000000
2025-02-22,SKU-002,Minuman,1,86,0,4750.0,736.25,5,6,8000000
2025-02-23,SKU-002,Minuman,3,83,0,4750.0,736.25,5,6,8000000
2025-02-24,SKU-002,Minuman,1,82,0,4750.0,736.25,5,6,8000000
2025-02-25,SKU-002,Minuman,0,82,0,4750.0,736.25,5,6,8000000
2025-02-26,SKU-002,Minuman,0,82,0,4750.0,736.25,5,6,8000000
2025-02-27,SKU-002,Minuman,2,80,0,4750.0,736.25,5,6,8000000
2025-02-28,SKU-002,Minuman,0,80,0,4750.0,736.25,5,6,8000000
2025-03-01,SKU-002,Minuman,0,80,0,4750.0,736.25,5,6,8000000
2025-03-02,SKU-002,Minuman,2,96,0,4750.0,736.25,5,6,8000000
2025-03-03,SKU-002,Minuman,1,95,0,4750.0,736.25,5,6,8000000
2025-03-04,SKU-002,Minuman,2,93,0,4750.0,736.25,5,6,8000000
2025-03-05,SKU-002,Minuman,2,91,0,4750.0,736.25,5,6,8000000
2025-03-06,SKU-002,Minuman,0,91,0,4750.0,736.25,5,6,8000000
2025-03-07,SKU-002,Minuman,1,90,0,4750.0,736.25,5,6,8000000
2025-03-08,SKU-002,Minuman,1,89,0,4750.0,736.25,5,6,8000000
2025-03-09,SKU-002,Minuman,1,88,0,4750.0,736.25,5,6,8000000
2025-03-10,SKU-002,Minuman,1,87,0,4750.0,736.25,5,6,8000000
2025-03-11,SKU-002,Minuman,0,87,0,4750.0,736.25,5,6,8000000
2025-03-12,SKU-002,Minuman,0,87,0,4750.0,736.25,5,6,8000000
2025-03-13,SKU-002,Minuman,1,86,0,4750.0,736.25,5,6,8000000
2025-03-14,SKU-002,Minuman,1,103,0,4750.0,736.25,5,6,8000000
2025-03-15,SKU-002,Minuman,1,102,0,4750.0,736.25,5,6,8000000
2025-03-16,SKU-002,Minuman,0,102,0,4750.0,736.25,5,6,8000000
2025-03-17,SKU-002,Minuman,0,102,0,4750.0,736.25,5,6,8000000
2025-03-18,SKU-002,Minuman,0,102,0,4750.0,736.25,5,6,8000000
2025-03-19,SKU-002,Minuman,0,102,0,4750.0,736.25,5,6,8000000
2025-03-20,SKU-002,Minuman,1,101,0,4750.0,736.25,5,6,8000000
2025-03-21,SKU-002,Minuman,3,98,0,4750.0,736.25,5,6,8000000
2025-03-22,SKU-002,Minuman,8,90,0,4750.0,736.25,5,6,8000000
2025-03-23,SKU-002,Minuman,3,87,0,4750.0,736.25,5,6,8000000
2025-03-24,SKU-002,Minuman,0,87,0,4750.0,736.25,5,6,8000000
2025-03-25,SKU-002,Minuman,1,86,0,4750.0,736.25,5,6,8000000
2025-03-26,SKU-002,Minuman,2,102,0,4750.0,736.25,5,6,8000000
2025-03-27,SKU-002,Minuman,0,102,0,4750.0,736.25,5,6,8000000
2025-03-28,SKU-002,Minuman,2,100,0,4750.0,736.25,5,6,8000000
2025-03-29,SKU-002,Minuman,0,100,0,4750.0,736.25,5,6,8000000
2025-03-30,SKU-002,Minuman,1,99,0,4750.0,736.25,5,6,8000000
2025-03-31,SKU-002,Minuman,1,98,0,4750.0,736.25,5,6,8000000
2025-04-01,SKU-002,Minuman,0,98,0,4750.0,736.25,5,6,8000000
2025-04-02,SKU-002,Minuman,0,98,0,4750.0,736.25,5,6,8000000
2025-04-03,SKU-002,Minuman,1,97,0,4750.0,736.25,5,6,8000000
2025-04-04,SKU-002,Minuman,1,96,0,4750.0,736.25,5,6,8000000
2025-04-05,SKU-002,Minuman,0,96,0,4750.0,736.25,5,6,8000000
2025-04-06,SKU-002,Minuman,2,94,0,4750.0,736.25,5,6,8000000
2025-04-07,SKU-002,Minuman,1,111,0,4750.0,736.25,5,6,8000000
2025-04-08,SKU-002,Minuman,0,111,0,4750.0,736.25,5,6,8000000
2025-04-09,SKU-002,Minuman,3,108,0,4750.0,736.25,5,6,8000000
2025-04-10,SKU-002,Minuman,0,108,0,4750.0,736.25,5,6,8000000
2025-04-11,SKU-002,Minuman,1,107,0,4750.0,736.25,5,6,8000000
2025-04-12,SKU-002,Minuman,3,104,0,4750.0,736.25,5,6,8000000
2025-04-13,SKU-002,Minuman,0,104,0,4750.0,736.25,5,6,8000000
2025-04-14,SKU-002,Minuman,1,103,0,4750.0,736.25,5,6,8000000
2025-04-15,SKU-002,Minuman,2,101,0,4750.0,736.25,5,6,8000000
2025-04-16,SKU-002,Minuman,2,99,0,4750.0,736.25,5,6,8000000
2025-04-17,SKU-002,Minuman,3,96,0,4750.0,736.25,5,6,8000000
2025-04-18,SKU-002,Minuman,0,96,0,4750.0,736.25,5,6,8000000
2025-04-19,SKU-002,Minuman,1,113,0,4750.0,736.25,5,6,8000000
2025-04-20,SKU-002,Minuman,0,113,0,4750.0,736.25,5,6,8000000
2025-04-21,SKU-002,Minuman,0,113,0,4750.0,736.25,5,6,8000000
2025-04-22,SKU-002,Minuman,1,112,0,4750.0,736.25,5,6,8000000
2025-04-23,SKU-002,Minuman,1,111,0,4750.0,736.25,5,6,8000000
2025-04-24,SKU-002,Minuman,0,111,0,4750.0,736.25,5,6,8000000
2025-04-25,SKU-002,Minuman,2,109,0,4750.0,736.25,5,6,8000000
2025-04-26,SKU-002,Minuman,2,107,0,4750.0,736.25,5,6,8000000
2025-04-27,SKU-002,Minuman,5,102,0,4750.0,736.25,5,6,8000000
2025-04-28,SKU-002,Minuman,0,102,0,4750.0,736.25,5,6,8000000
2025-04-29,SKU-002,Minuman,1,101,0,4750.0,736.25,5,6,8000000
2025-04-30,SKU-002,Minuman,2,99,0,4750.0,736.25,5,6,8000000
2025-05-01,SKU-002,Minuman,2,115,0,4750.0,736.25,5,6,8000000
2025-05-02,SKU-002,Minuman,4,111,0,4750.0,736.25,5,6,8000000
2025-05-03,SKU-002,Minuman,2,109,0,4750.0,736.25,5,6,8000000
2025-05-04,SKU-002,Minuman,1,108,0,4750.0,736.25,5,6,8000000
2025-05-05,SKU-002,Minuman,0,108,0,4750.0,736.25,5,6,8000000
2025-05-06,SKU-002,Minuman,1,107,0,4750.0,736.25,5,6,8000000
2025-05-07,SKU-002,Minuman,4,103,0,4750.0,736.25,5,6,8000000
2025-05-08,SKU-002,Minuman,2,101,0,4750.0,736.25,5,6,8000000
2025-05-09,SKU-002,Minuman,1,100,0,4750.0,736.25,5,6,8000000
2025-05-10,SKU-002,Minuman,1,99,0,4750.0,736.25,5,6,8000000
2025-05-11,SKU-002,Minuman,4,95,0,4750.0,736.25,5,6,8000000
2025-05-12,SKU-002,Minuman,0,95,0,4750.0,736.25,5,6,8000000
2025-05-13,SKU-002,Minuman,2,111,0,4750.0,736.25,5,6,8000000
2025-05-14,SKU-002,Minuman,1,110,0,4750.0,736.25,5,6,8000000
2025-05-15,SKU-002,Minuman,2,108,0,4750.0,736.25,5,6,8000000
2025-05-16,SKU-002,Minuman,2,106,0,4750.0,736.25,5,6,8000000
2025-05-17,SKU-002,Minuman,0,106,0,4750.0,736.25,5,6,8000000
2025-05-18,SKU-002,Minuman,1,105,0,4750.0,736.25,5,6,8000000
2025-05-19,SKU-002,Minuman,1,104,0,4750.0,736.25,5,6,8000000
2025-05-20,SKU-002,Minuman,1,103,0,4750.0,736.25,5,6,8000000
2025-05-21,SKU-002,Minuman,2,101,0,4750.0,736.25,5,6,8000000
2025-05-22,SKU-002,Minuman,1,100,0,4750.0,736.25,5,6,8000000
2025-05-23,SKU-002,Minuman,1,99,0,4750.0,736.25,5,6,8000000
2025-05-24,SKU-002,Minuman,4,95,0,4750.0,736.25,5,6,8000000
2025-05-25,SKU-002,Minuman,0,113,0,4750.0,736.25,5,6,8000000
2025-05-26,SKU-002,Minuman,4,109,0,4750.0,736.25,5,6,8000000
2025-05-27,SKU-002,Minuman,1,108,0,4750.0,736.25,5,6,8000000
2025-05-28,SKU-002,Minuman,4,104,0,4750.0,736.25,5,6,8000000
2025-05-29,SKU-002,Minuman,1,103,0,4750.0,736.25,5,6,8000000
2025-05-30,SKU-002,Minuman,0,103,0,4750.0,736.25,5,6,8000000
2025-05-31,SKU-002,Minuman,1,102,0,4750.0,736.25,5,6,8000000
2025-06-01,SKU-002,Minuman,2,100,0,4750.0,736.25,5,6,8000000
2025-06-02,SKU-002,Minuman,3,97,0,4750.0,736.25,5,6,8000000
2025-06-03,SKU-002,Minuman,2,95,0,4750.0,736.25,5,6,8000000
2025-06-04,SKU-002,Minuman,3,92,0,4750.0,736.25,5,6,8000000
2025-06-05,SKU-002,Minuman,3,89,0,4750.0,736.25,5,6,8000000
2025-06-06,SKU-002,Minuman,0,107,0,4750.0,736.25,5,6,8000000
2025-06-07,SKU-002,Minuman,3,104,0,4750.0,736.25,5,6,8000000
2025-06-08,SKU-002,Minuman,0,104,0,4750.0,736.25,5,6,8000000
2025-06-09,SKU-002,Minuman,0,104,0,4750.0,736.25,5,6,8000000
2025-06-10,SKU-002,Minuman,3,101,0,4750.0,736.25,5,6,8000000
2025-06-11,SKU-002,Minuman,1,100,0,4750.0,736.25,5,6,8000000
2025-06-12,SKU-002,Minuman,1,99,0,4750.0,736.25,5,6,8000000
2025-06-13,SKU-002,Minuman,0,99,0,4750.0,736.25,5,6,8000000
2025-06-14,SKU-002,Minuman,2,97,0,4750.0,736.25,5,6,8000000
2025-06-15,SKU-002,Minuman,3,94,0,4750.0,736.25,5,6,8000000
2025-06-16,SKU-002,Minuman,2,92,0,4750.0,736.25,5,6,8000000
2025-06-17,SKU-002,Minuman,1,91,0,4750.0,736.25,5,6,8000000
2025-06-18,SKU-002,Minuman,3,106,0,4750.0,736.25,5,6,8000000
2025-06-19,SKU-002,Minuman,2,104,0,4750.0,736.25,5,6,8000000
2025-06-20,SKU-002,Minuman,2,102,0,4750.0,736.25,5,6,8000000
2025-06-21,SKU-002,Minuman,3,99,0,4750.0,736.25,5,6,8000000
2025-06-22,SKU-002,Minuman,2,97,0,4750.0,736.25,5,6,8000000
2025-06-23,SKU-002,Minuman,1,96,0,4750.0,736.25,5,6,8000000
2025-06-24,SKU-002,Minuman,2,94,0,4750.0,736.25,5,6,8000000
2025-06-25,SKU-002,Minuman,1,93,0,4750.0,736.25,5,6,8000000
2025-06-26,SKU-002,Minuman,1,92,0,4750.0,736.25,5,6,8000000
2025-06-27,SKU-002,Minuman,1,91,0,4750.0,736.25,5,6,8000000
2025-06-28,SKU-002,Minuman,1,90,0,4750.0,736.25,5,6,8000000
2025-06-29,SKU-002,Minuman,2,88,0,4750.0,736.25,5,6,8000000
2025-06-30,SKU-002,Minuman,3,103,0,4750.0,736.25,5,6,8000000
2025-07-01,SKU-002,Minuman,0,103,0,4750.0,736.25,5,6,8000000
2025-07-02,SKU-002,Minuman,0,103,0,4750.0,736.25,5,6,8000000
2025-07-03,SKU-002,Minuman,0,103,0,4750.0,736.25,5,6,8000000
2025-07-04,SKU-002,Minuman,0,103,0,4750.0,736.25,5,6,8000000
2025-07-05,SKU-002,Minuman,0,103,0,4750.0,736.25,5,6,8000000
2025-07-06,SKU-002,Minuman,2,101,0,4750.0,736.25,5,6,8000000
2025-07-07,SKU-002,Minuman,1,100,0,4750.0,736.25,5,6,8000000
2025-07-08,SKU-002,Minuman,2,98,0,4750.0,736.25,5,6,8000000
2025-07-09,SKU-002,Minuman,1,97,0,4750.0,736.25,5,6,8000000
2025-07-10,SKU-002,Minuman,1,96,0,4750.0,736.25,5,6,8000000
2025-07-11,SKU-002,Minuman,2,94,0,4750.0,736.25,5,6,8000000
2025-07-12,SKU-002,Minuman,2,110,0,4750.0,736.25,5,6,8000000
2025-07-13,SKU-002,Minuman,2,108,0,4750.0,736.25,5,6,8000000
2025-07-14,SKU-002,Minuman,2,106,0,4750.0,736.25,5,6,8000000
2025-07-15,SKU-002,Minuman,1,105,0,4750.0,736.25,5,6,8000000
2025-07-16,SKU-002,Minuman,1,104,0,4750.0,736.25,5,6,8000000
2025-07-17,SKU-002,Minuman,1,103,0,4750.0,736.25,5,6,8000000
2025-07-18,SKU-002,Minuman,0,103,0,4750.0,736.25,5,6,8000000
2025-07-19,SKU-002,Minuman,1,102,0,4750.0,736.25,5,6,8000000
2025-07-20,SKU-002,Minuman,1,101,0,4750.0,736.25,5,6,8000000
2025-07-21,SKU-002,Minuman,2,99,0,4750.0,736.25,5,6,8000000
2025-07-22,SKU-002,Minuman,2,97,0,4750.0,736.25,5,6,8000000
2025-07-23,SKU-002,Minuman,0,97,0,4750.0,736.25,5,6,8000000
2025-07-24,SKU-002,Minuman,2,113,0,4750.0,736.25,5,6,8000000
2025-07-25,SKU-002,Minuman,0,113,0,4750.0,736.25,5,6,8000000
2025-07-26,SKU-002,Minuman,2,111,0,4750.0,736.25,5,6,8000000
2025-07-27,SKU-002,Minuman,1,110,0,4750.0,736.25,5,6,8000000
2025-07-28,SKU-002,Minuman,0,110,0,4750.0,736.25,5,6,8000000
2025-07-29,SKU-002,Minuman,0,110,0,4750.0,736.25,5,6,8000000
2025-07-30,SKU-002,Minuman,2,108,0,4750.0,736.25,5,6,8000000
2025-07-31,SKU-002,Minuman,1,107,0,4750.0,736.25,5,6,8000000
2025-08-01,SKU-002,Minuman,0,107,0,4750.0,736.25,5,6,8000000
2025-08-02,SKU-002,Minuman,1,106,0,4750.0,736.25,5,6,8000000
2025-08-03,SKU-002,Minuman,2,104,0,4750.0,736.25,5,6,8000000
2025-08-04,SKU-002,Minuman,0,104,0,4750.0,736.25,5,6,8000000
2025-08-05,SKU-002,Minuman,3,119,0,4750.0,736.25,5,6,8000000
2025-08-06,SKU-002,Minuman,0,119,0,4750.0,736.25,5,6,8000000
2025-08-07,SKU-002,Minuman,1,118,0,4750.0,736.25,5,6,8000000
2025-08-08,SKU-002,Minuman,0,118,0,4750.0,736.25,5,6,8000000
2025-01-01,SKU-003,Kebutuhan Rumah,2,77,0,7000.0,1330.0,7,12,8000000
2025-01-02,SKU-003,Kebutuhan Rumah,3,74,0,7000.0,1330.0,7,12,8000000
2025-01-03,SKU-003,Kebutuhan Rumah,2,72,0,7000.0,1330.0,7,12,8000000
2025-01-04,SKU-003,Kebutuhan Rumah,3,69,0,7000.0,1330.0,7,12,8000000
2025-01-05,SKU-003,Kebutuhan Rumah,4,65,0,7000.0,1330.0,7,12,8000000
2025-01-06,SKU-003,Kebutuhan Rumah,2,63,0,7000.0,1330.0,7,12,8000000
2025-01-07,SKU-003,Kebutuhan Rumah,2,61,0,7000.0,1330.0,7,12,8000000
2025-01-08,SKU-003,Kebutuhan Rumah,1,60,0,7000.0,1330.0,7,12,8000000
2025-01-09,SKU-003,Kebutuhan Rumah,2,58,0,7000.0,1330.0,7,12,8000000
2025-01-10,SKU-003,Kebutuhan Rumah,2,56,0,7000.0,1330.0,7,12,8000000
2025-01-11,SKU-003,Kebutuhan Rumah,1,55,0,7000.0,1330.0,7,12,8000000
2025-01-12,SKU-003,Kebutuhan Rumah,1,54,0,7000.0,1330.0,7,12,8000000
2025-01-13,SKU-003,Kebutuhan Rumah,0,54,0,7000.0,1330.0,7,12,8000000
2025-01-14,SKU-003,Kebutuhan Rumah,0,54,0,7000.0,1330.0,7,12,8000000
2025-01-15,SKU-003,Kebutuhan Rumah,1,89,0,7000.0,1330.0,7,12,8000000
2025-01-16,SKU-003,Kebutuhan Rumah,2,87,0,7000.0,1330.0,7,12,8000000
2025-01-17,SKU-003,Kebutuhan Rumah,0,87,0,7000.0,1330.0,7,12,8000000
2025-01-18,SKU-003,Kebutuhan Rumah,2,85,0,7000.0,1330.0,7,12,8000000
2025-01-19,SKU-003,Kebutuhan Rumah,1,84,0,7000.0,1330.0,7,12,8000000
2025-01-20,SKU-003,Kebutuhan Rumah,2,82,0,7000.0,1330.0,7,12,8000000
2025-01-21,SKU-003,Kebutuhan Rumah,1,81,0,7000.0,1330.0,7,12,8000000
2025-01-22,SKU-003,Kebutuhan Rumah,1,80,0,7000.0,1330.0,7,12,8000000
2025-01-23,SKU-003,Kebutuhan Rumah,3,77,0,7000.0,1330.0,7,12,8000000
2025-01-24,SKU-003,Kebutuhan Rumah,2,75,0,7000.0,1330.0,7,12,8000000
2025-01-25,SKU-003,Kebutuhan Rumah,2,73,0,7000.0,1330.0,7,12,8000000
2025-01-26,SKU-003,Kebutuhan Rumah,0,73,0,7000.0,1330.0,7,12,8000000
2025-01-27,SKU-003,Kebutuhan Rumah,1,72,0,7000.0,1330.0,7,12,8000000
2025-01-28,SKU-003,Kebutuhan Rumah,3,69,0,7000.0,1330.0,7,12,8000000
2025-01-29,SKU-003,Kebutuhan Rumah,0,105,0,7000.0,1330.0,7,12,8000000
2025-01-30,SKU-003,Kebutuhan Rumah,2,103,0,7000.0,1330.0,7,12,8000000
2025-01-31,SKU-003,Kebutuhan Rumah,3,100,0,7000.0,1330.0,7,12,8000000
2025-02-01,SKU-003,Kebutuhan Rumah,4,96,0,7000.0,1330.0,7,12,8000000
2025-02-02,SKU-003,Kebutuhan Rumah,2,94,0,7000.0,1330.0,7,12,8000000
2025-02-03,SKU-003,Kebutuhan Rumah,2,92,0,7000.0,1330.0,7,12,8000000
2025-02-04,SKU-003,Kebutuhan Rumah,1,91,0,7000.0,1330.0,7,12,8000000
2025-02-05,SKU-003,Kebutuhan Rumah,1,90,0,7000.0,1330.0,7,12,8000000
2025-02-06,SKU-003,Kebutuhan Rumah,1,89,0,7000.0,1330.0,7,12,8000000
2025-02-07,SKU-003,Kebutuhan Rumah,1,88,0,7000.0,1330.0,7,12,8000000
2025-02-08,SKU-003,Kebutuhan Rumah,4,84,0,7000.0,1330.0,7,12,8000000
2025-02-09,SKU-003,Kebutuhan Rumah,1,83,0,7000.0,1330.0,7,12,8000000
2025-02-10,SKU-003,Kebutuhan Rumah,0,83,0,7000.0,1330.0,7,12,8000000
2025-02-11,SKU-003,Kebutuhan Rumah,1,82,0,7000.0,1330.0,7,12,8000000
2025-02-12,SKU-003,Kebutuhan Rumah,1,117,0,7000.0,1330.0,7,12,8000000
2025-02-13,SKU-003,Kebutuhan Rumah,2,115,0,7000.0,1330.0,7,12,8000000
2025-02-14,SKU-003,Kebutuhan Rumah,1,114,0,7000.0,1330.0,7,12,8000000
2025-02-15,SKU-003,Kebutuhan Rumah,3,111,0,7000.0,1330.0,7,12,8000000
2025-02-16,SKU-003,Kebutuhan Rumah,2,109,0,7000.0,1330.0,7,12,8000000
2025-02-17,SKU-003,Kebutuhan Rumah,1,108,0,7000.0,1330.0,7,12,8000000
2025-02-18,SKU-003,Kebutuhan Rumah,0,108,0,7000.0,1330.0,7,12,8000000
2025-02-19,SKU-003,Kebutuhan Rumah,1,107,0,7000.0,1330.0,7,12,8000000
2025-02-20,SKU-003,Kebutuhan Rumah,2,105,0,7000.0,1330.0,7,12,8000000
2025-02-21,SKU-003,Kebutuhan Rumah,1,104,0,7000.0,1330.0,7,12,8000000
2025-02-22,SKU-003,Kebutuhan Rumah,7,97,0,7000.0,1330.0,7,12,8000000
2025-02-23,SKU-003,Kebutuhan Rumah,0,97,0,7000.0,1330.0,7,12,8000000
2025-02-24,SKU-003,Kebutuhan Rumah,0,97,0,7000.0,1330.0,7,12,8000000
2025-02-25,SKU-003,Kebutuhan Rumah,1,96,0,7000.0,1330.0,7,12,8000000
2025-02-26,SKU-003,Kebutuhan Rumah,0,132,0,7000.0,1330.0,7,12,8000000
2025-02-27,SKU-003,Kebutuhan Rumah,1,131,0,7000.0,1330.0,7,12,8000000
2025-02-28,SKU-003,Kebutuhan Rumah,1,130,0,7000.0,1330.0,7,12,8000000
2025-03-01,SKU-003,Kebutuhan Rumah,3,127,0,7000.0,1330.0,7,12,8000000
2025-03-02,SKU-003,Kebutuhan Rumah,4,123,0,7000.0,1330.0,7,12,8000000
2025-03-03,SKU-003,Kebutuhan Rumah,1,122,0,7000.0,1330.0,7,12,8000000
2025-03-04,SKU-003,Kebutuhan Rumah,0,122,0,7000.0,1330.0,7,12,8000000
2025-03-05,SKU-003,Kebutuhan Rumah,1,121,0,7000.0,1330.0,7,12,8000000
2025-03-06,SKU-003,Kebutuhan Rumah,2,119,0,7000.0,1330.0,7,12,8000000
2025-03-07,SKU-003,Kebutuhan Rumah,2,117,0,7000.0,1330.0,7,12,8000000
2025-03-08,SKU-003,Kebutuhan Rumah,1,116,0,7000.0,1330.0,7,12,8000000
2025-03-09,SKU-003,Kebutuhan Rumah,3,113,0,7000.0,1330.0,7,12,8000000
2025-03-10,SKU-003,Kebutuhan Rumah,2,111,0,7000.0,1330.0,7,12,8000000
2025-03-11,SKU-003,Kebutuhan Rumah,4,107,0,7000.0,1330.0,7,12,8000000
2025-03-12,SKU-003,Kebutuhan Rumah,2,141,0,7000.0,1330.0,7,12,8000000
2025-03-13,SKU-003,Kebutuhan Rumah,1,140,0,7000.0,1330.0,7,12,8000000
2025-03-14,SKU-003,Kebutuhan Rumah,3,137,0,7000.0,1330.0,7,12,8000000
2025-03-15,SKU-003,Kebutuhan Rumah,3,134,0,7000.0,1330.0,7,12,8000000
2025-03-16,SKU-003,Kebutuhan Rumah,3,131,0,7000.0,1330.0,7,12,8000000
2025-03-17,SKU-003,Kebutuhan Rumah,5,126,0,7000.0,1330.0,7,12,8000000
2025-03-18,SKU-003,Kebutuhan Rumah,4,122,0,7000.0,1330.0,7,12,8000000
2025-03-19,SKU-003,Kebutuhan Rumah,3,119,0,7000.0,1330.0,7,12,8000000
2025-03-20,SKU-003,Kebutuhan Rumah,3,116,0,7000.0,1330.0,7,12,8000000
2025-03-21,SKU-003,Kebutuhan Rumah,1,115,0,7000.0,1330.0,7,12,8000000
2025-03-22,SKU-003,Kebutuhan Rumah,1,114,0,7000.0,1330.0,7,12,8000000
2025-03-23,SKU-003,Kebutuhan Rumah,2,112,0,7000.0,1330.0,7,12,8000000
2025-03-24,SKU-003,Kebutuhan Rumah,1,111,0,7000.0,1330.0,7,12,8000000
2025-03-25,SKU-003,Kebutuhan Rumah,0,111,0,7000.0,1330.0,7,12,8000000
2025-03-26,SKU-003,Kebutuhan Rumah,1,146,0,7000.0,1330.0,7,12,8000000
2025-03-27,SKU-003,Kebutuhan Rumah,0,146,0,7000.0,1330.0,7,12,8000000
2025-03-28,SKU-003,Kebutuhan Rumah,4,142,0,7000.0,1330.0,7,12,8000000
2025-03-29,SKU-003,Kebutuhan Rumah,2,140,0,7000.0,1330.0,7,12,8000000
2025-03-30,SKU-003,Kebutuhan Rumah,4,136,0,7000.0,1330.0,7,12,8000000
2025-03-31,SKU-003,Kebutuhan Rumah,0,136,0,7000.0,1330.0,7,12,8000000
2025-04-01,SKU-003,Kebutuhan Rumah,0,136,0,7000.0,1330.0,7,12,8000000
2025-04-02,SKU-003,Kebutuhan Rumah,2,134,0,7000.0,1330.0,7,12,8000000
2025-04-03,SKU-003,Kebutuhan Rumah,1,133,0,7000.0,1330.0,7,12,8000000
2025-04-04,SKU-003,Kebutuhan Rumah,1,132,0,7000.0,1330.0,7,12,8000000
2025-04-05,SKU-003,Kebutuhan Rumah,2,130,0,7000.0,1330.0,7,12,8000000
2025-04-06,SKU-003,Kebutuhan Rumah,1,129,0,7000.0,1330.0,7,12,8000000
2025-04-07,SKU-003,Kebutuhan Rumah,1,128,0,7000.0,1330.0,7,12,8000000
2025-04-08,SKU-003,Kebutuhan Rumah,2,126,0,7000.0,1330.0,7,12,8000000
2025-04-09,SKU-003,Kebutuhan Rumah,3,159,0,7000.0,1330.0,7,12,8000000
2025-04-10,SKU-003,Kebutuhan Rumah,2,157,0,7000.0,1330.0,7,12,8000000
2025-04-11,SKU-003,Kebutuhan Rumah,0,157,0,7000.0,1330.0,7,12,8000000
2025-04-12,SKU-003,Kebutuhan Rumah,4,153,0,7000.0,1330.0,7,12,8000000
2025-04-13,SKU-003,Kebutuhan Rumah,2,151,0,7000.0,1330.0,7,12,8000000
2025-04-14,SKU-003,Kebutuhan Rumah,1,150,0,7000.0,1330.0,7,12,8000000
2025-04-15,SKU-003,Kebutuhan Rumah,0,150,0,7000.0,1330.0,7,12,8000000
2025-04-16,SKU-003,Kebutuhan Rumah,3,147,0,7000.0,1330.0,7,12,8000000
2025-04-17,SKU-003,Kebutuhan Rumah,1,146,0,7000.0,1330.0,7,12,8000000
2025-04-18,SKU-003,Kebutuhan Rumah,3,143,0,7000.0,1330.0,7,12,8000000
2025-04-19,SKU-003,Kebutuhan Rumah,4,139,0,7000.0,1330.0,7,12,8000000
2025-04-20,SKU-003,Kebutuhan Rumah,3,136,0,7000.0,1330.0,7,12,8000000
2025-04-21,SKU-003,Kebutuhan Rumah,2,134,0,7000.0,1330.0,7,12,8000000
2025-04-22,SKU-003,Kebutuhan Rumah,1,133,0,7000.0,1330.0,7,12,8000000
2025-04-23,SKU-003,Kebutuhan Rumah,4,165,0,7000.0,1330.0,7,12,8000000
2025-04-24,SKU-003,Kebutuhan Rumah,3,162,0,7000.0,1330.0,7,12,8000000
2025-04-25,SKU-003,Kebutuhan Rumah,4,158,0,7000.0,1330.0,7,12,8000000
2025-04-26,SKU-003,Kebutuhan Rumah,3,155,0,7000.0,1330.0,7,12,8000000
2025-04-27,SKU-003,Kebutuhan Rumah,4,151,0,7000.0,1330.0,7,12,8000000
2025-04-28,SKU-003,Kebutuhan Rumah,3,148,0,7000.0,1330.0,7,12,8000000
2025-04-29,SKU-003,Kebutuhan Rumah,3,145,0,7000.0,1330.0,7,12,8000000
2025-04-30,SKU-003,Kebutuhan Rumah,3,142,0,7000.0,1330.0,7,12,8000000
2025-05-01,SKU-003,Kebutuhan Rumah,1,141,0,7000.0,1330.0,7,12,8000000
2025-05-02,SKU-003,Kebutuhan Rumah,3,138,0,7000.0,1330.0,7,12,8000000
2025-05-03,SKU-003,Kebutuhan Rumah,3,135,0,7000.0,1330.0,7,12,8000000
2025-05-04,SKU-003,Kebutuhan Rumah,3,132,0,7000.0,1330.0,7,12,8000000
2025-05-05,SKU-003,Kebutuhan Rumah,1,131,0,7000.0,1330.0,7,12,8000000
2025-05-06,SKU-003,Kebutuhan Rumah,3,128,0,7000.0,1330.0,7,12,8000000
2025-05-07,SKU-003,Kebutuhan Rumah,3,161,0,7000.0,1330.0,7,12,8000000
2025-05-08,SKU-003,Kebutuhan Rumah,4,157,0,7000.0,1330.0,7,12,8000000
2025-05-09,SKU-003,Kebutuhan Rumah,1,156,0,7000.0,1330.0,7,12,8000000
2025-05-10,SKU-003,Kebutuhan Rumah,1,155,0,7000.0,1330.0,7,12,8000000
2025-05-11,SKU-003,Kebutuhan Rumah,1,154,0,7000.0,1330.0,7,12,8000000
2025-05-12,SKU-003,Kebutuhan Rumah,3,151,0,7000.0,1330.0,7,12,8000000
2025-05-13,SKU-003,Kebutuhan Rumah,3,148,0,7000.0,1330.0,7,12,8000000
2025-05-14,SKU-003,Kebutuhan Rumah,2,146,0,7000.0,1330.0,7,12,8000000
2025-05-15,SKU-003,Kebutuhan Rumah,3,143,0,7000.0,1330.0,7,12,8000000
2025-05-16,SKU-003,Kebutuhan Rumah,2,141,0,7000.0,1330.0,7,12,8000000
2025-05-17,SKU-003,Kebutuhan Rumah,4,137,0,7000.0,1330.0,7,12,8000000
2025-05-18,SKU-003,Kebutuhan Rumah,3,134,0,7000.0,1330.0,7,12,8000000
2025-05-19,SKU-003,Kebutuhan Rumah,2,132,0,7000.0,1330.0,7,12,8000000
2025-05-20,SKU-003,Kebutuhan Rumah,3,129,0,7000.0,1330.0,7,12,8000000
2025-05-21,SKU-003,Kebutuhan Rumah,6,159,0,7000.0,1330.0,7,12,8000000
2025-05-22,SKU-003,Kebutuhan Rumah,2,157,0,7000.0,1330.0,7,12,8000000
2025-05-23,SKU-003,Kebutuhan Rumah,4,153,0,7000.0,1330.0,7,12,8000000
2025-05-24,SKU-003,Kebutuhan Rumah,5,148,0,7000.0,1330.0,7,12,8000000
2025-05-25,SKU-003,Kebutuhan Rumah,6,142,0,7000.0,1330.0,7,12,8000000
2025-05-26,SKU-003,Kebutuhan Rumah,3,139,0,7000.0,1330.0,7,12,8000000
2025-05-27,SKU-003,Kebutuhan Rumah,1,138,0,7000.0,1330.0,7,12,8000000
2025-05-28,SKU-003,Kebutuhan Rumah,1,137,0,7000.0,1330.0,7,12,8000000
2025-05-29,SKU-003,Kebutuhan Rumah,1,136,0,7000.0,1330.0,7,12,8000000
2025-05-30,SKU-003,Kebutuhan Rumah,4,132,0,7000.0,1330.0,7,12,8000000
2025-05-31,SKU-003,Kebutuhan Rumah,4,128,0,7000.0,1330.0,7,12,8000000
2025-06-01,SKU-003,Kebutuhan Rumah,3,125,0,7000.0,1330.0,7,12,8000000
2025-06-02,SKU-003,Kebutuhan Rumah,4,121,0,7000.0,1330.0,7,12,8000000
2025-06-03,SKU-003,Kebutuhan Rumah,2,119,0,7000.0,1330.0,7,12,8000000
2025-06-04,SKU-003,Kebutuhan Rumah,0,155,0,7000.0,1330.0,7,12,8000000
2025-06-05,SKU-003,Kebutuhan Rumah,0,155,0,7000.0,1330.0,7,12,8000000
2025-06-06,SKU-003,Kebutuhan Rumah,1,154,0,7000.0,1330.0,7,12,8000000
2025-06-07,SKU-003,Kebutuhan Rumah,3,151,0,7000.0,1330.0,7,12,8000000
2025-06-08,SKU-003,Kebutuhan Rumah,7,144,0,7000.0,1330.0,7,12,8000000
2025-06-09,SKU-003,Kebutuhan Rumah,1,143,0,7000.0,1330.0,7,12,8000000
2025-06-10,SKU-003,Kebutuhan Rumah,5,138,0,7000.0,1330.0,7,12,8000000
2025-06-11,SKU-003,Kebutuhan Rumah,1,137,0,7000.0,1330.0,7,12,8000000
2025-06-12,SKU-003,Kebutuhan Rumah,2,135,0,7000.0,1330.0,7,12,8000000
2025-06-13,SKU-003,Kebutuhan Rumah,5,130,0,7000.0,1330.0,7,12,8000000
2025-06-14,SKU-003,Kebutuhan Rumah,2,128,0,7000.0,1330.0,7,12,8000000
2025-06-15,SKU-003,Kebutuhan Rumah,4,124,0,7000.0,1330.0,7,12,8000000
2025-06-16,SKU-003,Kebutuhan Rumah,2,122,0,7000.0,1330.0,7,12,8000000
2025-06-17,SKU-003,Kebutuhan Rumah,2,120,0,7000.0,1330.0,7,12,8000000
2025-06-18,SKU-003,Kebutuhan Rumah,2,154,0,7000.0,1330.0,7,12,8000000
2025-06-19,SKU-003,Kebutuhan Rumah,3,151,0,7000.0,1330.0,7,12,8000000
2025-06-20,SKU-003,Kebutuhan Rumah,1,150,0,7000.0,1330.0,7,12,8000000
2025-06-21,SKU-003,Kebutuhan Rumah,4,146,0,7000.0,1330.0,7,12,8000000
2025-06-22,SKU-003,Kebutuhan Rumah,1,145,0,7000.0,1330.0,7,12,8000000
2025-06-23,SKU-003,Kebutuhan Rumah,4,141,0,7000.0,1330.0,7,12,8000000
2025-06-24,SKU-003,Kebutuhan Rumah,2,139,0,7000.0,1330.0,7,12,8000000
2025-06-25,SKU-003,Kebutuhan Rumah,1,138,0,7000.0,1330.0,7,12,8000000
2025-06-26,SKU-003,Kebutuhan Rumah,1,137,0,7000.0,1330.0,7,12,8000000
2025-06-27,SKU-003,Kebutuhan Rumah,2,135,0,7000.0,1330.0,7,12,8000000
2025-06-28,SKU-003,Kebutuhan Rumah,1,134,0,7000.0,1330.0,7,12,8000000
2025-06-29,SKU-003,Kebutuhan Rumah,5,129,0,7000.0,1330.0,7,12,8000000
2025-06-30,SKU-003,Kebutuhan Rumah,1,128,0,7000.0,1330.0,7,12,8000000
2025-07-01,SKU-003,Kebutuhan Rumah,2,126,0,7000.0,1330.0,7,12,8000000
2025-07-02,SKU-003,Kebutuhan Rumah,2,160,0,7000.0,1330.0,7,12,8000000
2025-07-03,SKU-003,Kebutuhan Rumah,4,156,0,7000.0,1330.0,7,12,8000000
2025-07-04,SKU-003,Kebutuhan Rumah,1,155,0,7000.0,1330.0,7,12,8000000
2025-07-05,SKU-003,Kebutuhan Rumah,1,154,0,7000.0,1330.0,7,12,8000000
2025-07-06,SKU-003,Kebutuhan Rumah,0,154,0,7000.0,1330.0,7,12,8000000
2025-07-07,SKU-003,Kebutuhan Rumah,1,153,0,7000.0,1330.0,7,12,8000000
2025-07-08,SKU-003,Kebutuhan Rumah,2,151,0,7000.0,1330.0,7,12,8000000
2025-07-09,SKU-003,Kebutuhan Rumah,1,150,0,7000.0,1330.0,7,12,8000000
2025-07-10,SKU-003,Kebutuhan Rumah,0,150,0,7000.0,1330.0,7,12,8000000
2025-07-11,SKU-003,Kebutuhan Rumah,0,150,0,7000.0,1330.0,7,12,8000000
2025-07-12,SKU-003,Kebutuhan Rumah,2,148,0,7000.0,1330.0,7,12,8000000
2025-07-13,SKU-003,Kebutuhan Rumah,3,145,0,7000.0,1330.0,7,12,8000000
2025-07-14,SKU-003,Kebutuhan Rumah,3,142,0,7000.0,1330.0,7,12,8000000
2025-07-15,SKU-003,Kebutuhan Rumah,2,140,0,7000.0,1330.0,7,12,8000000
2025-07-16,SKU-003,Kebutuhan Rumah,3,173,0,7000.0,1330.0,7,12,8000000
2025-07-17,SKU-003,Kebutuhan Rumah,2,171,0,7000.0,1330.0,7,12,8000000
2025-07-18,SKU-003,Kebutuhan Rumah,4,167,0,7000.0,1330.0,7,12,8000000
2025-07-19,SKU-003,Kebutuhan Rumah,2,165,0,7000.0,1330.0,7,12,8000000
2025-07-20,SKU-003,Kebutuhan Rumah,6,159,0,7000.0,1330.0,7,12,8000000
2025-07-21,SKU-003,Kebutuhan Rumah,3,156,0,7000.0,1330.0,7,12,8000000
2025-07-22,SKU-003,Kebutuhan Rumah,0,156,0,7000.0,1330.0,7,12,8000000
2025-07-23,SKU-003,Kebutuhan Rumah,4,152,0,7000.0,1330.0,7,12,8000000
2025-07-24,SKU-003,Kebutuhan Rumah,2,150,0,7000.0,1330.0,7,12,8000000
2025-07-25,SKU-003,Kebutuhan Rumah,3,147,0,7000.0,1330.0,7,12,8000000
2025-07-26,SKU-003,Kebutuhan Rumah,1,146,0,7000.0,1330.0,7,12,8000000
2025-07-27,SKU-003,Kebutuhan Rumah,0,146,0,7000.0,1330.0,7,12,8000000
2025-07-28,SKU-003,Kebutuhan Rumah,1,145,0,7000.0,1330.0,7,12,8000000
2025-07-29,SKU-003,Kebutuhan Rumah,2,143,0,7000.0,1330.0,7,12,8000000
2025-07-30,SKU-003,Kebutuhan Rumah,2,177,0,7000.0,1330.0,7,12,8000000
2025-07-31,SKU-003,Kebutuhan Rumah,1,176,0,7000.0,1330.0,7,12,8000000
2025-08-01,SKU-003,Kebutuhan Rumah,1,175,0,7000.0,1330.0,7,12,8000000
2025-08-02,SKU-003,Kebutuhan Rumah,5,170,0,7000.0,1330.0,7,12,8000000
2025-08-03,SKU-003,Kebutuhan Rumah,1,169,0,7000.0,1330.0,7,12,8000000
2025-08-04,SKU-003,Kebutuhan Rumah,3,166,0,7000.0,1330.0,7,12,8000000
2025-08-05,SKU-003,Kebutuhan Rumah,1,165,0,7000.0,1330.0,7,12,8000000
2025-08-06,SKU-003,Kebutuhan Rumah,1,164,0,7000.0,1330.0,7,12,8000000
2025-08-07,SKU-003,Kebutuhan Rumah,2,162,0,7000.0,1330.0,7,12,8000000
2025-08-08,SKU-003,Kebutuhan Rumah,0,162,0,7000.0,1330.0,7,12,8000000
2025-01-01,SKU-004,Perawatan,0,79,0,9250.0,2081.25,9,24,8000000
2025-01-02,SKU-004,Perawatan,2,77,0,9250.0,2081.25,9,24,8000000
2025-01-03,SKU-004,Perawatan,2,75,0,9250.0,2081.25,9,24,8000000
2025-01-04,SKU-004,Perawatan,4,71,0,9250.0,2081.25,9,24,8000000
2025-01-05,SKU-004,Perawatan,7,64,0,9250.0,2081.25,9,24,8000000
2025-01-06,SKU-004,Perawatan,6,58,0,9250.0,2081.25,9,24,8000000
2025-01-07,SKU-004,Perawatan,5,53,0,9250.0,2081.25,9,24,8000000
2025-01-08,SKU-004,Perawatan,2,51,0,9250.0,2081.25,9,24,8000000
2025-01-09,SKU-004,Perawatan,1,50,0,9250.0,2081.25,9,24,8000000
2025-01-10,SKU-004,Perawatan,0,50,0,9250.0,2081.25,9,24,8000000
2025-01-11,SKU-004,Perawatan,1,49,0,9250.0,2081.25,9,24,8000000
2025-01-12,SKU-004,Perawatan,4,45,0,9250.0,2081.25,9,24,8000000
2025-01-13,SKU-004,Perawatan,3,42,0,9250.0,2081.25,9,24,8000000
2025-01-14,SKU-004,Perawatan,2,40,0,9250.0,2081.25,9,24,8000000
2025-01-15,SKU-004,Perawatan,3,37,0,9250.0,2081.25,9,24,8000000
2025-01-16,SKU-004,Perawatan,1,36,0,9250.0,2081.25,9,24,8000000
2025-01-17,SKU-004,Perawatan,1,83,0,9250.0,2081.25,9,24,8000000
2025-01-18,SKU-004,Perawatan,3,80,0,9250.0,2081.25,9,24,8000000
2025-01-19,SKU-004,Perawatan,2,78,0,9250.0,2081.25,9,24,8000000
2025-01-20,SKU-004,Perawatan,1,77,0,9250.0,2081.25,9,24,8000000
2025-01-21,SKU-004,Perawatan,2,75,0,9250.0,2081.25,9,24,8000000
2025-01-22,SKU-004,Perawatan,0,75,0,9250.0,2081.25,9,24,8000000
2025-01-23,SKU-004,Perawatan,2,73,0,9250.0,2081.25,9,24,8000000
2025-01-24,SKU-004,Perawatan,1,72,0,9250.0,2081.25,9,24,8000000
2025-01-25,SKU-004,Perawatan,4,68,0,9250.0,2081.25,9,24,8000000
2025-01-26,SKU-004,Perawatan,2,66,0,9250.0,2081.25,9,24,8000000
2025-01-27,SKU-004,Perawatan,1,65,0,9250.0,2081.25,9,24,8000000
2025-01-28,SKU-004,Perawatan,3,62,0,9250.0,2081.25,9,24,8000000
2025-01-29,SKU-004,Perawatan,2,60,0,9250.0,2081.25,9,24,8000000
2025-01-30,SKU-004,Perawatan,2,58,0,9250.0,2081.25,9,24,8000000
2025-01-31,SKU-004,Perawatan,1,57,0,9250.0,2081.25,9,24,8000000
2025-02-01,SKU-004,Perawatan,2,55,0,9250.0,2081.25,9,24,8000000
2025-02-02,SKU-004,Perawatan,1,102,0,9250.0,2081.25,9,24,8000000
2025-02-03,SKU-004,Perawatan,3,99,0,9250.0,2081.25,9,24,8000000
2025-02-04,SKU-004,Perawatan,4,95,0,9250.0,2081.25,9,24,8000000
2025-02-05,SKU-004,Perawatan,1,94,0,9250.0,2081.25,9,24,8000000
2025-02-06,SKU-004,Perawatan,6,88,0,9250.0,2081.25,9,24,8000000
2025-02-07,SKU-004,Perawatan,2,86,0,9250.0,2081.25,9,24,8000000
2025-02-08,SKU-004,Perawatan,1,85,0,9250.0,2081.25,9,24,8000000
2025-02-09,SKU-004,Perawatan,7,78,0,9250.0,2081.25,9,24,8000000
2025-02-10,SKU-004,Perawatan,3,75,0,9250.0,2081.25,9,24,8000000
2025-02-11,SKU-004,Perawatan,2,73,0,9250.0,2081.25,9,24,8000000
2025-02-12,SKU-004,Perawatan,3,70,0,9250.0,2081.25,9,24,8000000
2025-02-13,SKU-004,Perawatan,0,70,0,9250.0,2081.25,9,24,8000000
2025-02-14,SKU-004,Perawatan,3,67,0,9250.0,2081.25,9,24,8000000
2025-02-15,SKU-004,Perawatan,4,63,0,9250.0,2081.25,9,24,8000000
2025-02-16,SKU-004,Perawatan,4,59,0,9250.0,2081.25,9,24,8000000
2025-02-17,SKU-004,Perawatan,2,57,0,9250.0,2081.25,9,24,8000000
2025-02-18,SKU-004,Perawatan,3,102,0,9250.0,2081.25,9,24,8000000
2025-02-19,SKU-004,Perawatan,0,102,0,9250.0,2081.25,9,24,8000000
2025-02-20,SKU-004,Perawatan,2,100,0,9250.0,2081.25,9,24,8000000
2025-02-21,SKU-004,Perawatan,1,99,0,9250.0,2081.25,9,24,8000000
2025-02-22,SKU-004,Perawatan,6,93,0,9250.0,2081.25,9,24,8000000
2025-02-23,SKU-004,Perawatan,6,87,0,9250.0,2081.25,9,24,8000000
2025-02-24,SKU-004,Perawatan,2,85,0,9250.0,2081.25,9,24,8000000
2025-02-25,SKU-004,Perawatan,1,84,0,9250.0,2081.25,9,24,8000000
2025-02-26,SKU-004,Perawatan,3,81,0,9250.0,2081.25,9,24,8000000
2025-02-27,SKU-004,Perawatan,2,79,0,9250.0,2081.25,9,24,8000000
2025-02-28,SKU-004,Perawatan,2,77,0,9250.0,2081.25,9,24,8000000
2025-03-01,SKU-004,Perawatan,5,72,0,9250.0,2081.25,9,24,8000000
2025-03-02,SKU-004,Perawatan,2,70,0,9250.0,2081.25,9,24,8000000
2025-03-03,SKU-004,Perawatan,2,68,0,9250.0,2081.25,9,24,8000000
2025-03-04,SKU-004,Perawatan,4,64,0,9250.0,2081.25,9,24,8000000
2025-03-05,SKU-004,Perawatan,0,64,0,9250.0,2081.25,9,24,8000000
2025-03-06,SKU-004,Perawatan,2,110,0,9250.0,2081.25,9,24,8000000
2025-03-07,SKU-004,Perawatan,1,109,0,9250.0,2081.25,9,24,8000000
2025-03-08,SKU-004,Perawatan,3,106,0,9250.0,2081.25,9,24,8000000
2025-03-09,SKU-004,Perawatan,0,106,0,9250.0,2081.25,9,24,8000000
2025-03-10,SKU-004,Perawatan,0,106,0,9250.0,2081.25,9,24,8000000
2025-03-11,SKU-004,Perawatan,2,104,0,9250.0,2081.25,9,24,8000000
2025-03-12,SKU-004,Perawatan,0,104,0,9250.0,2081.25,9,24,8000000
2025-03-13,SKU-004,Perawatan,0,104,0,9250.0,2081.25,9,24,8000000
2025-03-14,SKU-004,Perawatan,0,104,0,9250.0,2081.25,9,24,8000000
2025-03-15,SKU-004,Perawatan,3,101,0,9250.0,2081.25,9,24,8000000
2025-03-16,SKU-004,Perawatan,5,96,0,9250.0,2081.25,9,24,8000000
2025-03-17,SKU-004,Perawatan,7,89,0,9250.0,2081.25,9,24,8000000
2025-03-18,SKU-004,Perawatan,2,87,0,9250.0,2081.25,9,24,8000000
2025-03-19,SKU-004,Perawatan,1,86,0,9250.0,2081.25,9,24,8000000
2025-03-20,SKU-004,Perawatan,1,85,0,9250.0,2081.25,9,24,8000000
2025-03-21,SKU-004,Perawatan,4,81,0,9250.0,2081.25,9,24,8000000
2025-03-22,SKU-004,Perawatan,9,120,0,9250.0,2081.25,9,24,8000000
2025-03-23,SKU-004,Perawatan,4,116,0,9250.0,2081.25,9,24,8000000
2025-03-24,SKU-004,Perawatan,2,114,0,9250.0,2081.25,9,24,8000000
2025-03-25,SKU-004,Perawatan,4,110,0,9250.0,2081.25,9,24,8000000
2025-03-26,SKU-004,Perawatan,5,105,0,9250.0,2081.25,9,24,8000000
2025-03-27,SKU-004,Perawatan,2,103,0,9250.0,2081.25,9,24,8000000
2025-03-28,SKU-004,Perawatan,0,103,0,9250.0,2081.25,9,24,8000000
2025-03-29,SKU-004,Perawatan,1,102,0,9250.0,2081.25,9,24,8000000
2025-03-30,SKU-004,Perawatan,4,98,0,9250.0,2081.25,9,24,8000000
2025-03-31,SKU-004,Perawatan,2,96,0,9250.0,2081.25,9,24,8000000
2025-04-01,SKU-004,Perawatan,1,95,0,9250.0,2081.25,9,24,8000000
2025-04-02,SKU-004,Perawatan,0,95,0,9250.0,2081.25,9,24,8000000
2025-04-03,SKU-004,Perawatan,5,90,0,9250.0,2081.25,9,24,8000000
2025-04-04,SKU-004,Perawatan,1,89,0,9250.0,2081.25,9,24,8000000
2025-04-05,SKU-004,Perawatan,5,84,0,9250.0,2081.25,9,24,8000000
2025-04-06,SKU-004,Perawatan,4,80,0,9250.0,2081.25,9,24,8000000
2025-04-07,SKU-004,Perawatan,2,126,0,9250.0,2081.25,9,24,8000000
2025-04-08,SKU-004,Perawatan,2,124,0,9250.0,2081.25,9,24,8000000
2025-04-09,SKU-004,Perawatan,1,123,0,9250.0,2081.25,9,24,8000000
2025-04-10,SKU-004,Perawatan,2,121,0,9250.0,2081.25,9,24,8000000
2025-04-11,SKU-004,Perawatan,4,117,0,9250.0,2081.25,9,24,8000000
2025-04-12,SKU-004,Perawatan,3,114,0,9250.0,2081.25,9,24,8000000
2025-04-13,SKU-004,Perawatan,3,111,0,9250.0,2081.25,9,24,8000000
2025-04-14,SKU-004,Perawatan,4,107,0,9250.0,2081.25,9,24,8000000
2025-04-15,SKU-004,Perawatan,2,105,0,9250.0,2081.25,9,24,8000000
2025-04-16,SKU-004,Perawatan,3,102,0,9250.0,2081.25,9,24,8000000
2025-04-17,SKU-004,Perawatan,3,99,0,9250.0,2081.25,9,24,8000000
2025-04-18,SKU-004,Perawatan,2,97,0,9250.0,2081.25,9,24,8000000
2025-04-19,SKU-004,Perawatan,3,94,0,9250.0,2081.25,9,24,8000000
2025-04-20,SKU-004,Perawatan,4,90,0,9250.0,2081.25,9,24,8000000
2025-04-21,SKU-004,Perawatan,0,90,0,9250.0,2081.25,9,24,8000000
2025-04-22,SKU-004,Perawatan,1,89,0,9250.0,2081.25,9,24,8000000
2025-04-23,SKU-004,Perawatan,2,135,0,9250.0,2081.25,9,24,8000000
2025-04-24,SKU-004,Perawatan,3,132,0,9250.0,2081.25,9,24,8000000
2025-04-25,SKU-004,Perawatan,5,127,0,9250.0,2081.25,9,24,8000000
2025-04-26,SKU-004,Perawatan,9,118,0,9250.0,2081.25,9,24,8000000
2025-04-27,SKU-004,Perawatan,10,108,0,9250.0,2081.25,9,24,8000000
2025-04-28,SKU-004,Perawatan,3,105,0,9250.0,2081.25,9,24,8000000
2025-04-29,SKU-004,Perawatan,0,105,0,9250.0,2081.25,9,24,8000000
2025-04-30,SKU-004,Perawatan,3,102,0,9250.0,2081.25,9,24,8000000
2025-05-01,SKU-004,Perawatan,1,101,0,9250.0,2081.25,9,24,8000000
2025-05-02,SKU-004,Perawatan,2,99,0,9250.0,2081.25,9,24,8000000
2025-05-03,SKU-004,Perawatan,4,95,0,9250.0,2081.25,9,24,8000000
2025-05-04,SKU-004,Perawatan,3,92,0,9250.0,2081.25,9,24,8000000
2025-05-05,SKU-004,Perawatan,3,89,0,9250.0,2081.25,9,24,8000000
2025-05-06,SKU-004,Perawatan,1,88,0,9250.0,2081.25,9,24,8000000
2025-05-07,SKU-004,Perawatan,2,86,0,9250.0,2081.25,9,24,8000000
2025-05-08,SKU-004,Perawatan,1,85,0,9250.0,2081.25,9,24,8000000
2025-05-09,SKU-004,Perawatan,2,131,0,9250.0,2081.25,9,24,8000000
2025-05-10,SKU-004,Perawatan,1,130,0,9250.0,2081.25,9,24,8000000
2025-05-11,SKU-004,Perawatan,6,124,0,9250.0,2081.25,9,24,8000000
2025-05-12,SKU-004,Perawatan,5,119,0,9250.0,2081.25,9,24,8000000
2025-05-13,SKU-004,Perawatan,1,118,0,9250.0,2081.25,9,24,8000000
2025-05-14,SKU-004,Perawatan,1,117,0,9250.0,2081.25,9,24,8000000
2025-05-15,SKU-004,Perawatan,2,115,0,9250.0,2081.25,9,24,8000000
2025-05-16,SKU-004,Perawatan,2,113,0,9250.0,2081.25,9,24,8000000
2025-05-17,SKU-004,Perawatan,4,109,0,9250.0,2081.25,9,24,8000000
2025-05-18,SKU-004,Perawatan,1,108,0,9250.0,2081.25,9,24,8000000
2025-05-19,SKU-004,Perawatan,5,103,0,9250.0,2081.25,9,24,8000000
2025-05-20,SKU-004,Perawatan,1,102,0,9250.0,2081.25,9,24,8000000
2025-05-21,SKU-004,Perawatan,6,96,0,9250.0,2081.25,9,24,8000000
2025-05-22,SKU-004,Perawatan,4,92,0,9250.0,2081.25,9,24,8000000
2025-05-23,SKU-004,Perawatan,0,92,0,9250.0,2081.25,9,24,8000000
2025-05-24,SKU-004,Perawatan,6,86,0,9250.0,2081.25,9,24,8000000
2025-05-25,SKU-004,Perawatan,3,131,0,9250.0,2081.25,9,24,8000000
2025-05-26,SKU-004,Perawatan,2,129,0,9250.0,2081.25,9,24,8000000
2025-05-27,SKU-004,Perawatan,2,127,0,9250.0,2081.25,9,24,8000000
2025-05-28,SKU-004,Perawatan,3,124,0,9250.0,2081.25,9,24,8000000
2025-05-29,SKU-004,Perawatan,2,122,0,9250.0,2081.25,9,24,8000000
2025-05-30,SKU-004,Perawatan,2,120,0,9250.0,2081.25,9,24,8000000
2025-05-31,SKU-004,Perawatan,7,113,0,9250.0,2081.25,9,24,8000000
2025-06-01,SKU-004,Perawatan,4,109,0,9250.0,2081.25,9,24,8000000
2025-06-02,SKU-004,Perawatan,2,107,0,9250.0,2081.25,9,24,8000000
2025-06-03,SKU-004,Perawatan,0,107,0,9250.0,2081.25,9,24,8000000
2025-06-04,SKU-004,Perawatan,2,105,0,9250.0,2081.25,9,24,8000000
2025-06-05,SKU-004,Perawatan,8,97,0,9250.0,2081.25,9,24,8000000
2025-06-06,SKU-004,Perawatan,2,95,0,9250.0,2081.25,9,24,8000000
2025-06-07,SKU-004,Perawatan,3,92,0,9250.0,2081.25,9,24,8000000
2025-06-08,SKU-004,Perawatan,7,85,0,9250.0,2081.25,9,24,8000000
2025-06-09,SKU-004,Perawatan,4,81,0,9250.0,2081.25,9,24,8000000
2025-06-10,SKU-004,Perawatan,3,126,0,9250.0,2081.25,9,24,8000000
2025-06-11,SKU-004,Perawatan,3,123,0,9250.0,2081.25,9,24,8000000
2025-06-12,SKU-004,Perawatan,3,120,0,9250.0,2081.25,9,24,8000000
2025-06-13,SKU-004,Perawatan,3,117,0,9250.0,2081.25,9,24,8000000
2025-06-14,SKU-004,Perawatan,2,115,0,9250.0,2081.25,9,24,8000000
2025-06-15,SKU-004,Perawatan,2,113,0,9250.0,2081.25,9,24,8000000
2025-06-16,SKU-004,Perawatan,2,111,0,9250.0,2081.25,9,24,8000000
2025-06-17,SKU-004,Perawatan,5,106,0,9250.0,2081.25,9,24,8000000
2025-06-18,SKU-004,Perawatan,2,104,0,9250.0,2081.25,9,24,8000000
2025-06-19,SKU-004,Perawatan,1,103,0,9250.0,2081.25,9,24,8000000
2025-06-20,SKU-004,Perawatan,2,101,0,9250.0,2081.25,9,24,8000000
2025-06-21,SKU-004,Perawatan,3,98,0,9250.0,2081.25,9,24,8000000
2025-06-22,SKU-004,Perawatan,5,93,0,9250.0,2081.25,9,24,8000000
2025-06-23,SKU-004,Perawatan,0,93,0,9250.0,2081.25,9,24,8000000
2025-06-24,SKU-004,Perawatan,3,90,0,9250.0,2081.25,9,24,8000000
2025-06-25,SKU-004,Perawatan,1,89,0,9250.0,2081.25,9,24,8000000
2025-06-26,SKU-004,Perawatan,7,130,0,9250.0,2081.25,9,24,8000000
2025-06-27,SKU-004,Perawatan,0,130,0,9250.0,2081.25,9,24,8000000
2025-06-28,SKU-004,Perawatan,3,127,0,9250.0,2081.25,9,24,8000000
2025-06-29,SKU-004,Perawatan,6,121,0,9250.0,2081.25,9,24,8000000
2025-06-30,SKU-004,Perawatan,1,120,0,9250.0,2081.25,9,24,8000000
2025-07-01,SKU-004,Perawatan,2,118,0,9250.0,2081.25,9,24,8000000
2025-07-02,SKU-004,Perawatan,5,113,0,9250.0,2081.25,9,24,8000000
2025-07-03,SKU-004,Perawatan,2,111,0,9250.0,2081.25,9,24,8000000
2025-07-04,SKU-004,Perawatan,0,111,0,9250.0,2081.25,9,24,8000000
2025-07-05,SKU-004,Perawatan,2,109,0,9250.0,2081.25,9,24,8000000
2025-07-06,SKU-004,Perawatan,5,104,0,9250.0,2081.25,9,24,8000000
2025-07-07,SKU-004,Perawatan,6,98,0,9250.0,2081.25,9,24,8000000
2025-07-08,SKU-004,Perawatan,1,97,0,9250.0,2081.25,9,24,8000000
2025-07-09,SKU-004,Perawatan,5,92,0,9250.0,2081.25,9,24,8000000
2025-07-10,SKU-004,Perawatan,1,91,0,9250.0,2081.25,9,24,8000000
2025-07-11,SKU-004,Perawatan,2,89,0,9250.0,2081.25,9,24,8000000
2025-07-12,SKU-004,Perawatan,2,135,0,9250.0,2081.25,9,24,8000000
2025-07-13,SKU-004,Perawatan,4,131,0,9250.0,2081.25,9,24,8000000
2025-07-14,SKU-004,Perawatan,1,130,0,9250.0,2081.25,9,24,8000000
2025-07-15,SKU-004,Perawatan,2,128,0,9250.0,2081.25,9,24,8000000
2025-07-16,SKU-004,Perawatan,3,125,0,9250.0,2081.25,9,24,8000000
2025-07-17,SKU-004,Perawatan,5,120,0,9250.0,2081.25,9,24,8000000
2025-07-18,SKU-004,Perawatan,2,118,0,9250.0,2081.25,9,24,8000000
2025-07-19,SKU-004,Perawatan,5,113,0,9250.0,2081.25,9,24,8000000
2025-07-20,SKU-004,Perawatan,1,112,0,9250.0,2081.25,9,24,8000000
2025-07-21,SKU-004,Perawatan,1,111,0,9250.0,2081.25,9,24,8000000
2025-07-22,SKU-004,Perawatan,4,107,0,9250.0,2081.25,9,24,8000000
2025-07-23,SKU-004,Perawatan,1,106,0,9250.0,2081.25,9,24,8000000
2025-07-24,SKU-004,Perawatan,1,105,0,9250.0,2081.25,9,24,8000000
2025-07-25,SKU-004,Perawatan,3,102,0,9250.0,2081.25,9,24,8000000
2025-07-26,SKU-004,Perawatan,5,97,0,9250.0,2081.25,9,24,8000000
2025-07-27,SKU-004,Perawatan,1,96,0,9250.0,2081.25,9,24,8000000
2025-07-28,SKU-004,Perawatan,1,143,0,9250.0,2081.25,9,24,8000000
2025-07-29,SKU-004,Perawatan,6,137,0,9250.0,2081.25,9,24,8000000
2025-07-30,SKU-004,Perawatan,3,134,0,9250.0,2081.25,9,24,8000000
2025-07-31,SKU-004,Perawatan,4,130,0,9250.0,2081.25,9,24,8000000
2025-08-01,SKU-004,Perawatan,1,129,0,9250.0,2081.25,9,24,8000000
2025-08-02,SKU-004,Perawatan,4,125,0,9250.0,2081.25,9,24,8000000
2025-08-03,SKU-004,Perawatan,1,124,0,9250.0,2081.25,9,24,8000000
2025-08-04,SKU-004,Perawatan,7,117,0,9250.0,2081.25,9,24,8000000
2025-08-05,SKU-004,Perawatan,1,116,0,9250.0,2081.25,9,24,8000000
2025-08-06,SKU-004,Perawatan,2,114,0,9250.0,2081.25,9,24,8000000
2025-08-07,SKU-004,Perawatan,5,109,0,9250.0,2081.25,9,24,8000000
2025-08-08,SKU-004,Perawatan,2,107,0,9250.0,2081.25,9,24,8000000
2025-01-01,SKU-005,Makanan,3,76,0,11500.0,1380.0,11,1,8000000
2025-01-02,SKU-005,Makanan,0,76,0,11500.0,1380.0,11,1,8000000
2025-01-03,SKU-005,Makanan,1,75,0,11500.0,1380.0,11,1,8000000
2025-01-04,SKU-005,Makanan,0,75,0,11500.0,1380.0,11,1,8000000
2025-01-05,SKU-005,Makanan,5,70,0,11500.0,1380.0,11,1,8000000
2025-01-06,SKU-005,Makanan,0,70,0,11500.0,1380.0,11,1,8000000
2025-01-07,SKU-005,Makanan,0,70,0,11500.0,1380.0,11,1,8000000
2025-01-08,SKU-005,Makanan,0,70,0,11500.0,1380.0,11,1,8000000
2025-01-09,SKU-005,Makanan,0,70,0,11500.0,1380.0,11,1,8000000
2025-01-10,SKU-005,Makanan,0,70,0,11500.0,1380.0,11,1,8000000
2025-01-11,SKU-005,Makanan,3,67,0,11500.0,1380.0,11,1,8000000
2025-01-12,SKU-005,Makanan,0,67,0,11500.0,1380.0,11,1,8000000
2025-01-13,SKU-005,Makanan,2,65,0,11500.0,1380.0,11,1,8000000
2025-01-14,SKU-005,Makanan,0,65,0,11500.0,1380.0,11,1,8000000
2025-01-15,SKU-005,Makanan,0,65,0,11500.0,1380.0,11,1,8000000
2025-01-16,SKU-005,Makanan,0,65,0,11500.0,1380.0,11,1,8000000
2025-01-17,SKU-005,Makanan,0,65,0,11500.0,1380.0,11,1,8000000
2025-01-18,SKU-005,Makanan,0,65,0,11500.0,1380.0,11,1,8000000
2025-01-19,SKU-005,Makanan,0,113,0,11500.0,1380.0,11,1,8000000
2025-01-20,SKU-005,Makanan,0,113,0,11500.0,1380.0,11,1,8000000
2025-01-21,SKU-005,Makanan,4,109,0,11500.0,1380.0,11,1,8000000
2025-01-22,SKU-005,Makanan,0,109,0,11500.0,1380.0,11,1,8000000
2025-01-23,SKU-005,Makanan,0,109,0,11500.0,1380.0,11,1,8000000
2025-01-24,SKU-005,Makanan,0,109,0,11500.0,1380.0,11,1,8000000
2025-01-25,SKU-005,Makanan,0,109,0,11500.0,1380.0,11,1,8000000
2025-01-26,SKU-005,Makanan,0,109,0,11500.0,1380.0,11,1,8000000
2025-01-27,SKU-005,Makanan,0,109,0,11500.0,1380.0,11,1,8000000
2025-01-28,SKU-005,Makanan,0,109,0,11500.0,1380.0,11,1,8000000
2025-01-29,SKU-005,Makanan,1,108,0,11500.0,1380.0,11,1,8000000
2025-01-30,SKU-005,Makanan,0,108,0,11500.0,1380.0,11,1,8000000
2025-01-31,SKU-005,Makanan,1,107,0,11500.0,1380.0,11,1,8000000
2025-02-01,SKU-005,Makanan,0,107,0,11500.0,1380.0,11,1,8000000
2025-02-02,SKU-005,Makanan,4,103,0,11500.0,1380.0,11,1,8000000
2025-02-03,SKU-005,Makanan,4,99,0,11500.0,1380.0,11,1,8000000
2025-02-04,SKU-005,Makanan,0,99,0,11500.0,1380.0,11,1,8000000
2025-02-05,SKU-005,Makanan,0,99,0,11500.0,1380.0,11,1,8000000
2025-02-06,SKU-005,Makanan,5,142,0,11500.0,1380.0,11,1,8000000
2025-02-07,SKU-005,Makanan,0,142,0,11500.0,1380.0,11,1,8000000
2025-02-08,SKU-005,Makanan,2,140,0,11500.0,1380.0,11,1,8000000
2025-02-09,SKU-005,Makanan,7,133,0,11500.0,1380.0,11,1,8000000
2025-02-10,SKU-005,Makanan,1,132,0,11500.0,1380.0,11,1,8000000
2025-02-11,SKU-005,Makanan,0,132,0,11500.0,1380.0,11,1,8000000
2025-02-12,SKU-005,Makanan,4,128,0,11500.0,1380.0,11,1,8000000
2025-02-13,SKU-005,Makanan,2,126,0,11500.0,1380.0,11,1,8000000
2025-02-14,SKU-005,Makanan,0,126,0,11500.0,1380.0,11,1,8000000
2025-02-15,SKU-005,Makanan,4,122,0,11500.0,1380.0,11,1,8000000
2025-02-16,SKU-005,Makanan,0,122,0,11500.0,1380.0,11,1,8000000
2025-02-17,SKU-005,Makanan,0,122,0,11500.0,1380.0,11,1,8000000
2025-02-18,SKU-005,Makanan,5,117,0,11500.0,1380.0,11,1,8000000
2025-02-19,SKU-005,Makanan,4,113,0,11500.0,1380.0,11,1,8000000
2025-02-20,SKU-005,Makanan,0,113,0,11500.0,1380.0,11,1,8000000
2025-02-21,SKU-005,Makanan,0,113,0,11500.0,1380.0,11,1,8000000
2025-02-22,SKU-005,Makanan,0,113,0,11500.0,1380.0,11,1,8000000
2025-02-23,SKU-005,Makanan,3,110,0,11500.0,1380.0,11,1,8000000
2025-02-24,SKU-005,Makanan,5,153,0,11500.0,1380.0,11,1,8000000
2025-02-25,SKU-005,Makanan,0,153,0,11500.0,1380.0,11,1,8000000
2025-02-26,SKU-005,Makanan,0,153,0,11500.0,1380.0,11,1,8000000
2025-02-27,SKU-005,Makanan,0,153,0,11500.0,1380.0,11,1,8000000
2025-02-28,SKU-005,Makanan,2,151,0,11500.0,1380.0,11,1,8000000
2025-03-01,SKU-005,Makanan,0,151,0,11500.0,1380.0,11,1,8000000
2025-03-02,SKU-005,Makanan,0,151,0,11500.0,1380.0,11,1,8000000
2025-03-03,SKU-005,Makanan,0,151,0,11500.0,1380.0,11,1,8000000
2025-03-04,SKU-005,Makanan,3,148,0,11500.0,1380.0,11,1,8000000
2025-03-05,SKU-005,Makanan,0,148,0,11500.0,1380.0,11,1,8000000
2025-03-06,SKU-005,Makanan,0,148,0,11500.0,1380.0,11,1,8000000
2025-03-07,SKU-005,Makanan,0,148,0,11500.0,1380.0,11,1,8000000
2025-03-08,SKU-005,Makanan,0,148,0,11500.0,1380.0,11,1,8000000
2025-03-09,SKU-005,Makanan,4,144,0,11500.0,1380.0,11,1,8000000
2025-03-10,SKU-005,Makanan,0,144,0,11500.0,1380.0,11,1,8000000
2025-03-11,SKU-005,Makanan,2,142,0,11500.0,1380.0,11,1,8000000
2025-03-12,SKU-005,Makanan,0,142,0,11500.0,1380.0,11,1,8000000
2025-03-13,SKU-005,Makanan,8,134,0,11500.0,1380.0,11,1,8000000
2025-03-14,SKU-005,Makanan,0,182,0,11500.0,1380.0,11,1,8000000
2025-03-15,SKU-005,Makanan,8,174,0,11500.0,1380.0,11,1,8000000
2025-03-16,SKU-005,Makanan,0,174,0,11500.0,1380.0,11,1,8000000
2025-03-17,SKU-005,Makanan,0,174,0,11500.0,1380.0,11,1,8000000
2025-03-18,SKU-005,Makanan,2,172,0,11500.0,1380.0,11,1,8000000
2025-03-19,SKU-005,Makanan,0,172,0,11500.0,1380.0,11,1,8000000
2025-03-20,SKU-005,Makanan,3,169,0,11500.0,1380.0,11,1,8000000
2025-03-21,SKU-005,Makanan,0,169,0,11500.0,1380.0,11,1,8000000
2025-03-22,SKU-005,Makanan,0,169,0,11500.0,1380.0,11,1,8000000
2025-03-23,SKU-005,Makanan,4,165,0,11500.0,1380.0,11,1,8000000
2025-03-24,SKU-005,Makanan,0,165,0,11500.0,1380.0,11,1,8000000
2025-03-25,SKU-005,Makanan,6,159,0,11500.0,1380.0,11,1,8000000
2025-03-26,SKU-005,Makanan,0,159,0,11500.0,1380.0,11,1,8000000
2025-03-27,SKU-005,Makanan,0,159,0,11500.0,1380.0,11,1,8000000
2025-03-28,SKU-005,Makanan,0,159,0,11500.0,1380.0,11,1,8000000
2025-03-29,SKU-005,Makanan,0,159,0,11500.0,1380.0,11,1,8000000
2025-03-30,SKU-005,Makanan,7,152,0,11500.0,1380.0,11,1,8000000
2025-03-31,SKU-005,Makanan,0,152,0,11500.0,1380.0,11,1,8000000
2025-04-01,SKU-005,Makanan,0,200,0,11500.0,1380.0,11,1,8000000
2025-04-02,SKU-005,Makanan,0,200,0,11500.0,1380.0,11,1,8000000
2025-04-03,SKU-005,Makanan,2,198,0,11500.0,1380.0,11,1,8000000
2025-04-04,SKU-005,Makanan,3,195,0,11500.0,1380.0,11,1,8000000
2025-04-05,SKU-005,Makanan,0,195,0,11500.0,1380.0,11,1,8000000
2025-04-06,SKU-005,Makanan,0,195,0,11500.0,1380.0,11,1,8000000
2025-04-07,SKU-005,Makanan,4,191,0,11500.0,1380.0,11,1,8000000
2025-04-08,SKU-005,Makanan,0,191,0,11500.0,1380.0,11,1,8000000
2025-04-09,SKU-005,Makanan,2,189,0,11500.0,1380.0,11,1,8000000
2025-04-10,SKU-005,Makanan,3,186,0,11500.0,1380.0,11,1,8000000
2025-04-11,SKU-005,Makanan,0,186,0,11500.0,1380.0,11,1,8000000
2025-04-12,SKU-005,Makanan,0,186,0,11500.0,1380.0,11,1,8000000
2025-04-13,SKU-005,Makanan,0,186,0,11500.0,1380.0,11,1,8000000
2025-04-14,SKU-005,Makanan,0,186,0,11500.0,1380.0,11,1,8000000
2025-04-15,SKU-005,Makanan,0,186,0,11500.0,1380.0,11,1,8000000
2025-04-16,SKU-005,Makanan,0,186,0,11500.0,1380.0,11,1,8000000
2025-04-17,SKU-005,Makanan,0,186,0,11500.0,1380.0,11,1,8000000
2025-04-18,SKU-005,Makanan,0,186,0,11500.0,1380.0,11,1,8000000
2025-04-19,SKU-005,Makanan,0,234,0,11500.0,1380.0,11,1,8000000
2025-04-20,SKU-005,Makanan,0,234,0,11500.0,1380.0,11,1,8000000
2025-04-21,SKU-005,Makanan,3,231,0,11500.0,1380.0,11,1,8000000
2025-04-22,SKU-005,Makanan,0,231,0,11500.0,1380.0,11,1,8000000
2025-04-23,SKU-005,Makanan,0,231,0,11500.0,1380.0,11,1,8000000
2025-04-24,SKU-005,Makanan,0,231,0,11500.0,1380.0,11,1,8000000
2025-04-25,SKU-005,Makanan,6,225,0,11500.0,1380.0,11,1,8000000
2025-04-26,SKU-005,Makanan,0,225,0,11500.0,1380.0,11,1,8000000
2025-04-27,SKU-005,Makanan,0,225,0,11500.0,1380.0,11,1,8000000
2025-04-28,SKU-005,Makanan,0,225,0,11500.0,1380.0,11,1,8000000
2025-04-29,SKU-005,Makanan,3,222,0,11500.0,1380.0,11,1,8000000
2025-04-30,SKU-005,Makanan,0,222,0,11500.0,1380.0,11,1,8000000
2025-05-01,SKU-005,Makanan,0,222,0,11500.0,1380.0,11,1,8000000
2025-05-02,SKU-005,Makanan,0,222,0,11500.0,1380.0,11,1,8000000
2025-05-03,SKU-005,Makanan,0,222,0,11500.0,1380.0,11,1,8000000
2025-05-04,SKU-005,Makanan,0,222,0,11500.0,1380.0,11,1,8000000
2025-05-05,SKU-005,Makanan,1,221,0,11500.0,1380.0,11,1,8000000
2025-05-06,SKU-005,Makanan,0,221,0,11500.0,1380.0,11,1,8000000
2025-05-07,SKU-005,Makanan,0,269,0,11500.0,1380.0,11,1,8000000
2025-05-08,SKU-005,Makanan,0,269,0,11500.0,1380.0,11,1,8000000
2025-05-09,SKU-005,Makanan,4,265,0,11500.0,1380.0,11,1,8000000
2025-05-10,SKU-005,Makanan,0,265,0,11500.0,1380.0,11,1,8000000
2025-05-11,SKU-005,Makanan,4,261,0,11500.0,1380.0,11,1,8000000
2025-05-12,SKU-005,Makanan,0,261,0,11500.0,1380.0,11,1,8000000
2025-05-13,SKU-005,Makanan,1,260,0,11500.0,1380.0,11,1,8000000
2025-05-14,SKU-005,Makanan,0,260,0,11500.0,1380.0,11,1,8000000
2025-05-15,SKU-005,Makanan,2,258,0,11500.0,1380.0,11,1,8000000
2025-05-16,SKU-005,Makanan,2,256,0,11500.0,1380.0,11,1,8000000
2025-05-17,SKU-005,Makanan,0,256,0,11500.0,1380.0,11,1,8000000
2025-05-18,SKU-005,Makanan,0,256,0,11500.0,1380.0,11,1,8000000
2025-05-19,SKU-005,Makanan,4,252,0,11500.0,1380.0,11,1,8000000
2025-05-20,SKU-005,Makanan,0,252,0,11500.0,1380.0,11,1,8000000
2025-05-21,SKU-005,Makanan,3,249,0,11500.0,1380.0,11,1,8000000
2025-05-22,SKU-005,Makanan,0,249,0,11500.0,1380.0,11,1,8000000
2025-05-23,SKU-005,Makanan,1,248,0,11500.0,1380.0,11,1,8000000
2025-05-24,SKU-005,Makanan,0,248,0,11500.0,1380.0,11,1,8000000
2025-05-25,SKU-005,Makanan,0,296,0,11500.0,1380.0,11,1,8000000
2025-05-26,SKU-005,Makanan,0,296,0,11500.0,1380.0,11,1,8000000
2025-05-27,SKU-005,Makanan,9,287,0,11500.0,1380.0,11,1,8000000
2025-05-28,SKU-005,Makanan,0,287,0,11500.0,1380.0,11,1,8000000
2025-05-29,SKU-005,Makanan,0,287,0,11500.0,1380.0,11,1,8000000
2025-05-30,SKU-005,Makanan,0,287,0,11500.0,1380.0,11,1,8000000
2025-05-31,SKU-005,Makanan,0,287,0,11500.0,1380.0,11,1,8000000
2025-06-01,SKU-005,Makanan,8,279,0,11500.0,1380.0,11,1,8000000
2025-06-02,SKU-005,Makanan,0,279,0,11500.0,1380.0,11,1,8000000
2025-06-03,SKU-005,Makanan,0,279,0,11500.0,1380.0,11,1,8000000
2025-06-04,SKU-005,Makanan,6,273,0,11500.0,1380.0,11,1,8000000
2025-06-05,SKU-005,Makanan,2,271,0,11500.0,1380.0,11,1,8000000
2025-06-06,SKU-005,Makanan,0,271,0,11500.0,1380.0,11,1,8000000
2025-06-07,SKU-005,Makanan,0,271,0,11500.0,1380.0,11,1,8000000
2025-06-08,SKU-005,Makanan,4,267,0,11500.0,1380.0,11,1,8000000
2025-06-09,SKU-005,Makanan,5,262,0,11500.0,1380.0,11,1,8000000
2025-06-10,SKU-005,Makanan,5,257,0,11500.0,1380.0,11,1,8000000
2025-06-11,SKU-005,Makanan,6,251,0,11500.0,1380.0,11,1,8000000
2025-06-12,SKU-005,Makanan,0,299,0,11500.0,1380.0,11,1,8000000
2025-06-13,SKU-005,Makanan,0,299,0,11500.0,1380.0,11,1,8000000
2025-06-14,SKU-005,Makanan,0,299,0,11500.0,1380.0,11,1,8000000
2025-06-15,SKU-005,Makanan,3,296,0,11500.0,1380.0,11,1,8000000
2025-06-16,SKU-005,Makanan,0,296,0,11500.0,1380.0,11,1,8000000
2025-06-17,SKU-005,Makanan,0,296,0,11500.0,1380.0,11,1,8000000
2025-06-18,SKU-005,Makanan,0,296,0,11500.0,1380.0,11,1,8000000
2025-06-19,SKU-005,Makanan,0,296,0,11500.0,1380.0,11,1,8000000
2025-06-20,SKU-005,Makanan,2,294,0,11500.0,1380.0,11,1,8000000
2025-06-21,SKU-005,Makanan,1,293,0,11500.0,1380.0,11,1,8000000
2025-06-22,SKU-005,Makanan,0,293,0,11500.0,1380.0,11,1,8000000
2025-06-23,SKU-005,Makanan,0,293,0,11500.0,1380.0,11,1,8000000
2025-06-24,SKU-005,Makanan,2,291,0,11500.0,1380.0,11,1,8000000
2025-06-25,SKU-005,Makanan,5,286,0,11500.0,1380.0,11,1,8000000
2025-06-26,SKU-005,Makanan,0,286,0,11500.0,1380.0,11,1,8000000
2025-06-27,SKU-005,Makanan,3,283,0,11500.0,1380.0,11,1,8000000
2025-06-28,SKU-005,Makanan,0,283,0,11500.0,1380.0,11,1,8000000
2025-06-29,SKU-005,Makanan,0,283,0,11500.0,1380.0,11,1,8000000
2025-06-30,SKU-005,Makanan,3,328,0,11500.0,1380.0,11,1,8000000
2025-07-01,SKU-005,Makanan,0,328,0,11500.0,1380.0,11,1,8000000
2025-07-02,SKU-005,Makanan,0,328,0,11500.0,1380.0,11,1,8000000
2025-07-03,SKU-005,Makanan,0,328,0,11500.0,1380.0,11,1,8000000
2025-07-04,SKU-005,Makanan,4,324,0,11500.0,1380.0,11,1,8000000
2025-07-05,SKU-005,Makanan,0,324,0,11500.0,1380.0,11,1,8000000
2025-07-06,SKU-005,Makanan,0,324,0,11500.0,1380.0,11,1,8000000
2025-07-07,SKU-005,Makanan,0,324,0,11500.0,1380.0,11,1,8000000
2025-07-08,SKU-005,Makanan,4,320,0,11500.0,1380.0,11,1,8000000
2025-07-09,SKU-005,Makanan,0,320,0,11500.0,1380.0,11,1,8000000
2025-07-10,SKU-005,Makanan,0,320,0,11500.0,1380.0,11,1,8000000
2025-07-11,SKU-005,Makanan,5,315,0,11500.0,1380.0,11,1,8000000
2025-07-12,SKU-005,Makanan,3,312,0,11500.0,1380.0,11,1,8000000
2025-07-13,SKU-005,Makanan,4,308,0,11500.0,1380.0,11,1,8000000
2025-07-14,SKU-005,Makanan,0,308,0,11500.0,1380.0,11,1,8000000
2025-07-15,SKU-005,Makanan,9,299,0,11500.0,1380.0,11,1,8000000
2025-07-16,SKU-005,Makanan,0,299,0,11500.0,1380.0,11,1,8000000
2025-07-17,SKU-005,Makanan,2,297,0,11500.0,1380.0,11,1,8000000
2025-07-18,SKU-005,Makanan,6,339,0,11500.0,1380.0,11,1,8000000
2025-07-19,SKU-005,Makanan,0,339,0,11500.0,1380.0,11,1,8000000
2025-07-20,SKU-005,Makanan,0,339,0,11500.0,1380.0,11,1,8000000
2025-07-21,SKU-005,Makanan,7,332,0,11500.0,1380.0,11,1,8000000
2025-07-22,SKU-005,Makanan,0,332,0,11500.0,1380.0,11,1,8000000
2025-07-23,SKU-005,Makanan,0,332,0,11500.0,1380.0,11,1,8000000
2025-07-24,SKU-005,Makanan,0,332,0,11500.0,1380.0,11,1,8000000
2025-07-25,SKU-005,Makanan,0,332,0,11500.0,1380.0,11,1,8000000
2025-07-26,SKU-005,Makanan,7,325,0,11500.0,1380.0,11,1,8000000
2025-07-27,SKU-005,Makanan,0,325,0,11500.0,1380.0,11,1,8000000
2025-07-28,SKU-005,Makanan,0,325,0,11500.0,1380.0,11,1,8000000
2025-07-29,SKU-005,Makanan,0,325,0,11500.0,1380.0,11,1,8000000
2025-07-30,SKU-005,Makanan,0,325,0,11500.0,1380.0,11,1,8000000
2025-07-31,SKU-005,Makanan,4,321,0,11500.0,1380.0,11,1,8000000
2025-08-01,SKU-005,Makanan,3,318,0,11500.0,1380.0,11,1,8000000
2025-08-02,SKU-005,Makanan,0,318,0,11500.0,1380.0,11,1,8000000
2025-08-03,SKU-005,Makanan,0,318,0,11500.0,1380.0,11,1,8000000
2025-08-04,SKU-005,Makanan,2,316,0,11500.0,1380.0,11,1,8000000
2025-08-05,SKU-005,Makanan,3,361,0,11500.0,1380.0,11,1,8000000
2025-08-06,SKU-005,Makanan,3,358,0,11500.0,1380.0,11,1,8000000
2025-08-07,SKU-005,Makanan,0,358,0,11500.0,1380.0,11,1,8000000
2025-08-08,SKU-005,Makanan,0,358,0,11500.0,1380.0,11,1,8000000
2025-01-01,SKU-006,Minuman,0,85,0,13750.0,2131.25,3,6,8000000
2025-01-02,SKU-006,Minuman,3,82,0,13750.0,2131.25,3,6,8000000
2025-01-03,SKU-006,Minuman,4,78,0,13750.0,2131.25,3,6,8000000
2025-01-04,SKU-006,Minuman,2,76,0,13750.0,2131.25,3,6,8000000
2025-01-05,SKU-006,Minuman,5,71,0,13750.0,2131.25,3,6,8000000
2025-01-06,SKU-006,Minuman,5,66,0,13750.0,2131.25,3,6,8000000
2025-01-07,SKU-006,Minuman,5,61,0,13750.0,2131.25,3,6,8000000
2025-01-08,SKU-006,Minuman,3,58,0,13750.0,2131.25,3,6,8000000
2025-01-09,SKU-006,Minuman,5,53,0,13750.0,2131.25,3,6,8000000
2025-01-10,SKU-006,Minuman,3,50,0,13750.0,2131.25,3,6,8000000
2025-01-11,SKU-006,Minuman,2,108,0,13750.0,2131.25,3,6,8000000
2025-01-12,SKU-006,Minuman,6,102,0,13750.0,2131.25,3,6,8000000
2025-01-13,SKU-006,Minuman,6,96,0,13750.0,2131.25,3,6,8000000
2025-01-14,SKU-006,Minuman,4,92,0,13750.0,2131.25,3,6,8000000
2025-01-15,SKU-006,Minuman,2,90,0,13750.0,2131.25,3,6,8000000
2025-01-16,SKU-006,Minuman,4,86,0,13750.0,2131.25,3,6,8000000
2025-01-17,SKU-006,Minuman,2,84,0,13750.0,2131.25,3,6,8000000
2025-01-18,SKU-006,Minuman,4,80,0,13750.0,2131.25,3,6,8000000
2025-01-19,SKU-006,Minuman,5,75,0,13750.0,2131.25,3,6,8000000
2025-01-20,SKU-006,Minuman,3,72,0,13750.0,2131.25,3,6,8000000
2025-01-21,SKU-006,Minuman,4,128,0,13750.0,2131.25,3,6,8000000
2025-01-22,SKU-006,Minuman,5,123,0,13750.0,2131.25,3,6,8000000
2025-01-23,SKU-006,Minuman,7,116,0,13750.0,2131.25,3,6,8000000
2025-01-24,SKU-006,Minuman,5,111,0,13750.0,2131.25,3,6,8000000
2025-01-25,SKU-006,Minuman,4,107,0,13750.0,2131.25,3,6,8000000
2025-01-26,SKU-006,Minuman,1,106,0,13750.0,2131.25,3,6,8000000
2025-01-27,SKU-006,Minuman,3,103,0,13750.0,2131.25,3,6,8000000
2025-01-28,SKU-006,Minuman,7,96,0,13750.0,2131.25,3,6,8000000
2025-01-29,SKU-006,Minuman,3,93,0,13750.0,2131.25,3,6,8000000
2025-01-30,SKU-006,Minuman,4,89,0,13750.0,2131.25,3,6,8000000
2025-01-31,SKU-006,Minuman,3,146,0,13750.0,2131.25,3,6,8000000
2025-02-01,SKU-006,Minuman,9,137,0,13750.0,2131.25,3,6,8000000
2025-02-02,SKU-006,Minuman,2,135,0,13750.0,2131.25,3,6,8000000
2025-02-03,SKU-006,Minuman,2,133,0,13750.0,2131.25,3,6,8000000
2025-02-04,SKU-006,Minuman,3,130,0,13750.0,2131.25,3,6,8000000
2025-02-05,SKU-006,Minuman,1,129,0,13750.0,2131.25,3,6,8000000
2025-02-06,SKU-006,Minuman,6,123,0,13750.0,2131.25,3,6,8000000
2025-02-07,SKU-006,Minuman,3,120,0,13750.0,2131.25,3,6,8000000
2025-02-08,SKU-006,Minuman,2,118,0,13750.0,2131.25,3,6,8000000
2025-02-09,SKU-006,Minuman,4,114,0,13750.0,2131.25,3,6,8000000
2025-02-10,SKU-006,Minuman,5,169,0,13750.0,2131.25,3,6,8000000
2025-02-11,SKU-006,Minuman,1,168,0,13750.0,2131.25,3,6,8000000
2025-02-12,SKU-006,Minuman,2,166,0,13750.0,2131.25,3,6,8000000
2025-02-13,SKU-006,Minuman,1,165,0,13750.0,2131.25,3,6,8000000
2025-02-14,SKU-006,Minuman,3,162,0,13750.0,2131.25,3,6,8000000
2025-02-15,SKU-006,Minuman,2,160,0,13750.0,2131.25,3,6,8000000
2025-02-16,SKU-006,Minuman,2,158,0,13750.0,2131.25,3,6,8000000
2025-02-17,SKU-006,Minuman,5,153,0,13750.0,2131.25,3,6,8000000
2025-02-18,SKU-006,Minuman,3,150,0,13750.0,2131.25,3,6,8000000
2025-02-19,SKU-006,Minuman,3,147,0,13750.0,2131.25,3,6,8000000
2025-02-20,SKU-006,Minuman,4,203,0,13750.0,2131.25,3,6,8000000
2025-02-21,SKU-006,Minuman,6,197,0,13750.0,2131.25,3,6,8000000
2025-02-22,SKU-006,Minuman,6,191,0,13750.0,2131.25,3,6,8000000
2025-02-23,SKU-006,Minuman,3,188,0,13750.0,2131.25,3,6,8000000
2025-02-24,SKU-006,Minuman,3,185,0,13750.0,2131.25,3,6,8000000
2025-02-25,SKU-006,Minuman,5,180,0,13750.0,2131.25,3,6,8000000
2025-02-26,SKU-006,Minuman,4,176,0,13750.0,2131.25,3,6,8000000
2025-02-27,SKU-006,Minuman,1,175,0,13750.0,2131.25,3,6,8000000
2025-02-28,SKU-006,Minuman,2,173,0,13750.0,2131.25,3,6,8000000
2025-03-01,SKU-006,Minuman,5,168,0,13750.0,2131.25,3,6,8000000
2025-03-02,SKU-006,Minuman,4,224,0,13750.0,2131.25,3,6,8000000
2025-03-03,SKU-006,Minuman,0,224,0,13750.0,2131.25,3,6,8000000
2025-03-04,SKU-006,Minuman,4,220,0,13750.0,2131.25,3,6,8000000
2025-03-05,SKU-006,Minuman,8,212,0,13750.0,2131.25,3,6,8000000
2025-03-06,SKU-006,Minuman,5,207,0,13750.0,2131.25,3,6,8000000
2025-03-07,SKU-006,Minuman,1,206,0,13750.0,2131.25,3,6,8000000
2025-03-08,SKU-006,Minuman,2,204,0,13750.0,2131.25,3,6,8000000
2025-03-09,SKU-006,Minuman,11,193,0,13750.0,2131.25,3,6,8000000
2025-03-10,SKU-006,Minuman,3,190,0,13750.0,2131.25,3,6,8000000
2025-03-11,SKU-006,Minuman,3,187,0,13750.0,2131.25,3,6,8000000
2025-03-12,SKU-006,Minuman,6,241,0,13750.0,2131.25,3,6,8000000
2025-03-13,SKU-006,Minuman,3,238,0,13750.0,2131.25,3,6,8000000
2025-03-14,SKU-006,Minuman,5,233,0,13750.0,2131.25,3,6,8000000
2025-03-15,SKU-006,Minuman,5,228,0,13750.0,2131.25,3,6,8000000
2025-03-16,SKU-006,Minuman,3,225,0,13750.0,2131.25,3,6,8000000
2025-03-17,SKU-006,Minuman,1,224,0,13750.0,2131.25,3,6,8000000
2025-03-18,SKU-006,Minuman,4,220,0,13750.0,2131.25,3,6,8000000
2025-03-19,SKU-006,Minuman,4,216,0,13750.0,2131.25,3,6,8000000
2025-03-20,SKU-006,Minuman,5,211,0,13750.0,2131.25,3,6,8000000
2025-03-21,SKU-006,Minuman,7,204,0,13750.0,2131.25,3,6,8000000
2025-03-22,SKU-006,Minuman,6,258,0,13750.0,2131.25,3,6,8000000
2025-03-23,SKU-006,Minuman,3,255,0,13750.0,2131.25,3,6,8000000
2025-03-24,SKU-006,Minuman,5,250,0,13750.0,2131.25,3,6,8000000
2025-03-25,SKU-006,Minuman,2,248,0,13750.0,2131.25,3,6,8000000
2025-03-26,SKU-006,Minuman,3,245,0,13750.0,2131.25,3,6,8000000
2025-03-27,SKU-006,Minuman,4,241,0,13750.0,2131.25,3,6,8000000
2025-03-28,SKU-006,Minuman,7,234,0,13750.0,2131.25,3,6,8000000
2025-03-29,SKU-006,Minuman,6,228,0,13750.0,2131.25,3,6,8000000
2025-03-30,SKU-006,Minuman,3,225,0,13750.0,2131.25,3,6,8000000
2025-03-31,SKU-006,Minuman,3,222,0,13750.0,2131.25,3,6,8000000
2025-04-01,SKU-006,Minuman,4,278,0,13750.0,2131.25,3,6,8000000
2025-04-02,SKU-006,Minuman,5,273,0,13750.0,2131.25,3,6,8000000
2025-04-03,SKU-006,Minuman,0,273,0,13750.0,2131.25,3,6,8000000
2025-04-04,SKU-006,Minuman,4,269,0,13750.0,2131.25,3,6,8000000
2025-04-05,SKU-006,Minuman,4,265,0,13750.0,2131.25,3,6,8000000
2025-04-06,SKU-006,Minuman,4,261,0,13750.0,2131.25,3,6,8000000
2025-04-07,SKU-006,Minuman,4,257,0,13750.0,2131.25,3,6,8000000
2025-04-08,SKU-006,Minuman,3,254,0,13750.0,2131.25,3,6,8000000
2025-04-09,SKU-006,Minuman,3,251,0,13750.0,2131.25,3,6,8000000
2025-04-10,SKU-006,Minuman,3,248,0,13750.0,2131.25,3,6,8000000
2025-04-11,SKU-006,Minuman,6,302,0,13750.0,2131.25,3,6,8000000
2025-04-12,SKU-006,Minuman,1,301,0,13750.0,2131.25,3,6,8000000
2025-04-13,SKU-006,Minuman,3,298,0,13750.0,2131.25,3,6,8000000
2025-04-14,SKU-006,Minuman,4,294,0,13750.0,2131.25,3,6,8000000
2025-04-15,SKU-006,Minuman,8,286,0,13750.0,2131.25,3,6,8000000
2025-04-16,SKU-006,Minuman,1,285,0,13750.0,2131.25,3,6,8000000
2025-04-17,SKU-006,Minuman,1,284,0,13750.0,2131.25,3,6,8000000
2025-04-18,SKU-006,Minuman,8,276,0,13750.0,2131.25,3,6,8000000
2025-04-19,SKU-006,Minuman,5,271,0,13750.0,2131.25,3,6,8000000
2025-04-20,SKU-006,Minuman,9,262,0,13750.0,2131.25,3,6,8000000
2025-04-21,SKU-006,Minuman,7,315,0,13750.0,2131.25,3,6,8000000
2025-04-22,SKU-006,Minuman,2,313,0,13750.0,2131.25,3,6,8000000
2025-04-23,SKU-006,Minuman,2,311,0,13750.0,2131.25,3,6,8000000
2025-04-24,SKU-006,Minuman,1,310,0,13750.0,2131.25,3,6,8000000
2025-04-25,SKU-006,Minuman,2,308,0,13750.0,2131.25,3,6,8000000
2025-04-26,SKU-006,Minuman,4,304,0,13750.0,2131.25,3,6,8000000
2025-04-27,SKU-006,Minuman,6,298,0,13750.0,2131.25,3,6,8000000
2025-04-28,SKU-006,Minuman,2,296,0,13750.0,2131.25,3,6,8000000
2025-04-29,SKU-006,Minuman,2,294,0,13750.0,2131.25,3,6,8000000
2025-04-30,SKU-006,Minuman,1,293,0,13750.0,2131.25,3,6,8000000
2025-05-01,SKU-006,Minuman,4,349,0,13750.0,2131.25,3,6,8000000
2025-05-02,SKU-006,Minuman,4,345,0,13750.0,2131.25,3,6,8000000
2025-05-03,SKU-006,Minuman,8,337,0,13750.0,2131.25,3,6,8000000
2025-05-04,SKU-006,Minuman,2,335,0,13750.0,2131.25,3,6,8000000
2025-05-05,SKU-006,Minuman,5,330,0,13750.0,2131.25,3,6,8000000
2025-05-06,SKU-006,Minuman,1,329,0,13750.0,2131.25,3,6,8000000
2025-05-07,SKU-006,Minuman,3,326,0,13750.0,2131.25,3,6,8000000
2025-05-08,SKU-006,Minuman,3,323,0,13750.0,2131.25,3,6,8000000
2025-05-09,SKU-006,Minuman,3,320,0,13750.0,2131.25,3,6,8000000
2025-05-10,SKU-006,Minuman,3,317,0,13750.0,2131.25,3,6,8000000
2025-05-11,SKU-006,Minuman,9,368,0,13750.0,2131.25,3,6,8000000
2025-05-12,SKU-006,Minuman,4,364,0,13750.0,2131.25,3,6,8000000
2025-05-13,SKU-006,Minuman,4,360,0,13750.0,2131.25,3,6,8000000
2025-05-14,SKU-006,Minuman,6,354,0,13750.0,2131.25,3,6,8000000
2025-05-15,SKU-006,Minuman,7,347,0,13750.0,2131.25,3,6,8000000
2025-05-16,SKU-006,Minuman,1,346,0,13750.0,2131.25,3,6,8000000
2025-05-17,SKU-006,Minuman,7,339,0,13750.0,2131.25,3,6,8000000
2025-05-18,SKU-006,Minuman,2,337,0,13750.0,2131.25,3,6,8000000
2025-05-19,SKU-006,Minuman,1,336,0,13750.0,2131.25,3,6,8000000
2025-05-20,SKU-006,Minuman,2,334,0,13750.0,2131.25,3,6,8000000
2025-05-21,SKU-006,Minuman,1,393,0,13750.0,2131.25,3,6,8000000
2025-05-22,SKU-006,Minuman,5,388,0,13750.0,2131.25,3,6,8000000
2025-05-23,SKU-006,Minuman,4,384,0,13750.0,2131.25,3,6,8000000
2025-05-24,SKU-006,Minuman,4,380,0,13750.0,2131.25,3,6,8000000
2025-05-25,SKU-006,Minuman,4,376,0,13750.0,2131.25,3,6,8000000
2025-05-26,SKU-006,Minuman,7,369,0,13750.0,2131.25,3,6,8000000
2025-05-27,SKU-006,Minuman,3,366,0,13750.0,2131.25,3,6,8000000
2025-05-28,SKU-006,Minuman,1,365,0,13750.0,2131.25,3,6,8000000
2025-05-29,SKU-006,Minuman,3,362,0,13750.0,2131.25,3,6,8000000
2025-05-30,SKU-006,Minuman,0,362,0,13750.0,2131.25,3,6,8000000
2025-05-31,SKU-006,Minuman,14,408,0,13750.0,2131.25,3,6,8000000
2025-06-01,SKU-006,Minuman,16,392,0,13750.0,2131.25,3,6,8000000
2025-06-02,SKU-006,Minuman,4,388,0,13750.0,2131.25,3,6,8000000
2025-06-03,SKU-006,Minuman,4,384,0,13750.0,2131.25,3,6,8000000
2025-06-04,SKU-006,Minuman,2,382,0,13750.0,2131.25,3,6,8000000
2025-06-05,SKU-006,Minuman,3,379,0,13750.0,2131.25,3,6,8000000
2025-06-06,SKU-006,Minuman,5,374,0,13750.0,2131.25,3,6,8000000
2025-06-07,SKU-006,Minuman,3,371,0,13750.0,2131.25,3,6,8000000
2025-06-08,SKU-006,Minuman,7,364,0,13750.0,2131.25,3,6,8000000
2025-06-09,SKU-006,Minuman,5,359,0,13750.0,2131.25,3,6,8000000
2025-06-10,SKU-006,Minuman,5,414,0,13750.0,2131.25,3,6,8000000
2025-06-11,SKU-006,Minuman,4,410,0,13750.0,2131.25,3,6,8000000
2025-06-12,SKU-006,Minuman,4,406,0,13750.0,2131.25,3,6,8000000
2025-06-13,SKU-006,Minuman,3,403,0,13750.0,2131.25,3,6,8000000
2025-06-14,SKU-006,Minuman,4,399,0,13750.0,2131.25,3,6,8000000
2025-06-15,SKU-006,Minuman,3,396,0,13750.0,2131.25,3,6,8000000
2025-06-16,SKU-006,Minuman,1,395,0,13750.0,2131.25,3,6,8000000
2025-06-17,SKU-006,Minuman,4,391,0,13750.0,2131.25,3,6,8000000
2025-06-18,SKU-006,Minuman,5,386,0,13750.0,2131.25,3,6,8000000
2025-06-19,SKU-006,Minuman,3,383,0,13750.0,2131.25,3,6,8000000
2025-06-20,SKU-006,Minuman,1,442,0,13750.0,2131.25,3,6,8000000
2025-06-21,SKU-006,Minuman,2,440,0,13750.0,2131.25,3,6,8000000
2025-06-22,SKU-006,Minuman,9,431,0,13750.0,2131.25,3,6,8000000
2025-06-23,SKU-006,Minuman,5,426,0,13750.0,2131.25,3,6,8000000
2025-06-24,SKU-006,Minuman,0,426,0,13750.0,2131.25,3,6,8000000
2025-06-25,SKU-006,Minuman,5,421,0,13750.0,2131.25,3,6,8000000
2025-06-26,SKU-006,Minuman,6,415,0,13750.0,2131.25,3,6,8000000
2025-06-27,SKU-006,Minuman,1,414,0,13750.0,2131.25,3,6,8000000
2025-06-28,SKU-006,Minuman,5,409,0,13750.0,2131.25,3,6,8000000
2025-06-29,SKU-006,Minuman,8,401,0,13750.0,2131.25,3,6,8000000
2025-06-30,SKU-006,Minuman,3,458,0,13750.0,2131.25,3,6,8000000
2025-07-01,SKU-006,Minuman,0,458,0,13750.0,2131.25,3,6,8000000
2025-07-02,SKU-006,Minuman,6,452,0,13750.0,2131.25,3,6,8000000
2025-07-03,SKU-006,Minuman,5,447,0,13750.0,2131.25,3,6,8000000
2025-07-04,SKU-006,Minuman,2,445,0,13750.0,2131.25,3,6,8000000
2025-07-05,SKU-006,Minuman,3,442,0,13750.0,2131.25,3,6,8000000
2025-07-06,SKU-006,Minuman,9,433,0,13750.0,2131.25,3,6,8000000
2025-07-07,SKU-006,Minuman,3,430,0,13750.0,2131.25,3,6,8000000
2025-07-08,SKU-006,Minuman,5,425,0,13750.0,2131.25,3,6,8000000
2025-07-09,SKU-006,Minuman,1,424,0,13750.0,2131.25,3,6,8000000
2025-07-10,SKU-006,Minuman,6,478,0,13750.0,2131.25,3,6,8000000
2025-07-11,SKU-006,Minuman,8,470,0,13750.0,2131.25,3,6,8000000
2025-07-12,SKU-006,Minuman,9,461,0,13750.0,2131.25,3,6,8000000
2025-07-13,SKU-006,Minuman,4,457,0,13750.0,2131.25,3,6,8000000
2025-07-14,SKU-006,Minuman,4,453,0,13750.0,2131.25,3,6,8000000
2025-07-15,SKU-006,Minuman,5,448,0,13750.0,2131.25,3,6,8000000
2025-07-16,SKU-006,Minuman,7,441,0,13750.0,2131.25,3,6,8000000
2025-07-17,SKU-006,Minuman,6,435,0,13750.0,2131.25,3,6,8000000
2025-07-18,SKU-006,Minuman,2,433,0,13750.0,2131.25,3,6,8000000
2025-07-19,SKU-006,Minuman,7,426,0,13750.0,2131.25,3,6,8000000
2025-07-20,SKU-006,Minuman,6,480,0,13750.0,2131.25,3,6,8000000
2025-07-21,SKU-006,Minuman,7,473,0,13750.0,2131.25,3,6,8000000
2025-07-22,SKU-006,Minuman,6,467,0,13750.0,2131.25,3,6,8000000
2025-07-23,SKU-006,Minuman,6,461,0,13750.0,2131.25,3,6,8000000
2025-07-24,SKU-006,Minuman,3,458,0,13750.0,2131.25,3,6,8000000
2025-07-25,SKU-006,Minuman,1,457,0,13750.0,2131.25,3,6,8000000
2025-07-26,SKU-006,Minuman,6,451,0,13750.0,2131.25,3,6,8000000
2025-07-27,SKU-006,Minuman,4,447,0,13750.0,2131.25,3,6,8000000
2025-07-28,SKU-006,Minuman,2,445,0,13750.0,2131.25,3,6,8000000
2025-07-29,SKU-006,Minuman,6,439,0,13750.0,2131.25,3,6,8000000
2025-07-30,SKU-006,Minuman,5,494,0,13750.0,2131.25,3,6,8000000
2025-07-31,SKU-006,Minuman,8,486,0,13750.0,2131.25,3,6,8000000
2025-08-01,SKU-006,Minuman,6,480,0,13750.0,2131.25,3,6,8000000
2025-08-02,SKU-006,Minuman,3,477,0,13750.0,2131.25,3,6,8000000
2025-08-03,SKU-006,Minuman,6,471,0,13750.0,2131.25,3,6,8000000
2025-08-04,SKU-006,Minuman,6,465,0,13750.0,2131.25,3,6,8000000
2025-08-05,SKU-006,Minuman,5,460,0,13750.0,2131.25,3,6,8000000
2025-08-06,SKU-006,Minuman,5,455,0,13750.0,2131.25,3,6,8000000
2025-08-07,SKU-006,Minuman,6,449,0,13750.0,2131.25,3,6,8000000
2025-08-08,SKU-006,Minuman,9,440,0,13750.0,2131.25,3,6,8000000
2025-01-01,SKU-007,Kebutuhan Rumah,0,38,0,16000.0,3040.0,5,12,8000000
2025-01-02,SKU-007,Kebutuhan Rumah,0,38,0,16000.0,3040.0,5,12,8000000
2025-01-03,SKU-007,Kebutuhan Rumah,0,38,0,16000.0,3040.0,5,12,8000000
2025-01-04,SKU-007,Kebutuhan Rumah,1,37,0,16000.0,3040.0,5,12,8000000
2025-01-05,SKU-007,Kebutuhan Rumah,1,36,0,16000.0,3040.0,5,12,8000000
2025-01-06,SKU-007,Kebutuhan Rumah,1,35,0,16000.0,3040.0,5,12,8000000
2025-01-07,SKU-007,Kebutuhan Rumah,0,35,0,16000.0,3040.0,5,12,8000000
2025-01-08,SKU-007,Kebutuhan Rumah,0,35,0,16000.0,3040.0,5,12,8000000
2025-01-09,SKU-007,Kebutuhan Rumah,0,35,0,16000.0,3040.0,5,12,8000000
2025-01-10,SKU-007,Kebutuhan Rumah,0,35,0,16000.0,3040.0,5,12,8000000
2025-01-11,SKU-007,Kebutuhan Rumah,1,34,0,16000.0,3040.0,5,12,8000000
2025-01-12,SKU-007,Kebutuhan Rumah,1,33,0,16000.0,3040.0,5,12,8000000
2025-01-13,SKU-007,Kebutuhan Rumah,2,43,0,16000.0,3040.0,5,12,8000000
2025-01-14,SKU-007,Kebutuhan Rumah,0,43,0,16000.0,3040.0,5,12,8000000
2025-01-15,SKU-007,Kebutuhan Rumah,0,43,0,16000.0,3040.0,5,12,8000000
2025-01-16,SKU-007,Kebutuhan Rumah,0,43,0,16000.0,3040.0,5,12,8000000
2025-01-17,SKU-007,Kebutuhan Rumah,0,43,0,16000.0,3040.0,5,12,8000000
2025-01-18,SKU-007,Kebutuhan Rumah,0,43,0,16000.0,3040.0,5,12,8000000
2025-01-19,SKU-007,Kebutuhan Rumah,0,43,0,16000.0,3040.0,5,12,8000000
2025-01-20,SKU-007,Kebutuhan Rumah,2,41,0,16000.0,3040.0,5,12,8000000
2025-01-21,SKU-007,Kebutuhan Rumah,1,40,0,16000.0,3040.0,5,12,8000000
2025-01-22,SKU-007,Kebutuhan Rumah,0,40,0,16000.0,3040.0,5,12,8000000
2025-01-23,SKU-007,Kebutuhan Rumah,1,39,0,16000.0,3040.0,5,12,8000000
2025-01-24,SKU-007,Kebutuhan Rumah,0,39,0,16000.0,3040.0,5,12,8000000
2025-01-25,SKU-007,Kebutuhan Rumah,1,50,0,16000.0,3040.0,5,12,8000000
2025-01-26,SKU-007,Kebutuhan Rumah,1,49,0,16000.0,3040.0,5,12,8000000
2025-01-27,SKU-007,Kebutuhan Rumah,0,49,0,16000.0,3040.0,5,12,8000000
2025-01-28,SKU-007,Kebutuhan Rumah,0,49,0,16000.0,3040.0,5,12,8000000
2025-01-29,SKU-007,Kebutuhan Rumah,1,48,0,16000.0,3040.0,5,12,8000000
2025-01-30,SKU-007,Kebutuhan Rumah,0,48,0,16000.0,3040.0,5,12,8000000
2025-01-31,SKU-007,Kebutuhan Rumah,2,46,0,16000.0,3040.0,5,12,8000000
2025-02-01,SKU-007,Kebutuhan Rumah,1,45,0,16000.0,3040.0,5,12,8000000
2025-02-02,SKU-007,Kebutuhan Rumah,1,44,0,16000.0,3040.0,5,12,8000000
2025-02-03,SKU-007,Kebutuhan Rumah,1,43,0,16000.0,3040.0,5,12,8000000
2025-02-04,SKU-007,Kebutuhan Rumah,0,43,0,16000.0,3040.0,5,12,8000000
2025-02-05,SKU-007,Kebutuhan Rumah,1,42,0,16000.0,3040.0,5,12,8000000
2025-02-06,SKU-007,Kebutuhan Rumah,1,53,0,16000.0,3040.0,5,12,8000000
2025-02-07,SKU-007,Kebutuhan Rumah,0,53,0,16000.0,3040.0,5,12,8000000
2025-02-08,SKU-007,Kebutuhan Rumah,1,52,0,16000.0,3040.0,5,12,8000000
2025-02-09,SKU-007,Kebutuhan Rumah,0,52,0,16000.0,3040.0,5,12,8000000
2025-02-10,SKU-007,Kebutuhan Rumah,0,52,0,16000.0,3040.0,5,12,8000000
2025-02-11,SKU-007,Kebutuhan Rumah,0,52,0,16000.0,3040.0,5,12,8000000
2025-02-12,SKU-007,Kebutuhan Rumah,2,50,0,16000.0,3040.0,5,12,8000000
2025-02-13,SKU-007,Kebutuhan Rumah,0,50,0,16000.0,3040.0,5,12,8000000
2025-02-14,SKU-007,Kebutuhan Rumah,0,50,0,16000.0,3040.0,5,12,8000000
2025-02-15,SKU-007,Kebutuhan Rumah,0,50,0,16000.0,3040.0,5,12,8000000
2025-02-16,SKU-007,Kebutuhan Rumah,0,50,0,16000.0,3040.0,5,12,8000000
2025-02-17,SKU-007,Kebutuhan Rumah,0,50,0,16000.0,3040.0,5,12,8000000
2025-02-18,SKU-007,Kebutuhan Rumah,0,62,0,16000.0,3040.0,5,12,8000000
2025-02-19,SKU-007,Kebutuhan Rumah,1,61,0,16000.0,3040.0,5,12,8000000
2025-02-20,SKU-007,Kebutuhan Rumah,0,61,0,16000.0,3040.0,5,12,8000000
2025-02-21,SKU-007,Kebutuhan Rumah,0,61,0,16000.0,3040.0,5,12,8000000
2025-02-22,SKU-007,Kebutuhan Rumah,0,61,0,16000.0,3040.0,5,12,8000000
2025-02-23,SKU-007,Kebutuhan Rumah,1,60,0,16000.0,3040.0,5,12,8000000
2025-02-24,SKU-007,Kebutuhan Rumah,1,59,0,16000.0,3040.0,5,12,8000000
2025-02-25,SKU-007,Kebutuhan Rumah,1,58,0,16000.0,3040.0,5,12,8000000
2025-02-26,SKU-007,Kebutuhan Rumah,0,58,0,16000.0,3040.0,5,12,8000000
2025-02-27,SKU-007,Kebutuhan Rumah,1,57,0,16000.0,3040.0,5,12,8000000
2025-02-28,SKU-007,Kebutuhan Rumah,0,57,0,16000.0,3040.0,5,12,8000000
2025-03-01,SKU-007,Kebutuhan Rumah,0,57,0,16000.0,3040.0,5,12,8000000
2025-03-02,SKU-007,Kebutuhan Rumah,1,68,0,16000.0,3040.0,5,12,8000000
2025-03-03,SKU-007,Kebutuhan Rumah,0,68,0,16000.0,3040.0,5,12,8000000
2025-03-04,SKU-007,Kebutuhan Rumah,0,68,0,16000.0,3040.0,5,12,8000000
2025-03-05,SKU-007,Kebutuhan Rumah,0,68,0,16000.0,3040.0,5,12,8000000
2025-03-06,SKU-007,Kebutuhan Rumah,1,67,0,16000.0,3040.0,5,12,8000000
2025-03-07,SKU-007,Kebutuhan Rumah,1,66,0,16000.0,3040.0,5,12,8000000
2025-03-08,SKU-007,Kebutuhan Rumah,2,64,0,16000.0,3040.0,5,12,8000000
2025-03-09,SKU-007,Kebutuhan Rumah,1,63,0,16000.0,3040.0,5,12,8000000
2025-03-10,SKU-007,Kebutuhan Rumah,0,63,0,16000.0,3040.0,5,12,8000000
2025-03-11,SKU-007,Kebutuhan Rumah,0,63,0,16000.0,3040.0,5,12,8000000
2025-03-12,SKU-007,Kebutuhan Rumah,0,63,0,16000.0,3040.0,5,12,8000000
2025-03-13,SKU-007,Kebutuhan Rumah,0,63,0,16000.0,3040.0,5,12,8000000
2025-03-14,SKU-007,Kebutuhan Rumah,0,75,0,16000.0,3040.0,5,12,8000000
2025-03-15,SKU-007,Kebutuhan Rumah,1,74,0,16000.0,3040.0,5,12,8000000
2025-03-16,SKU-007,Kebutuhan Rumah,1,73,0,16000.0,3040.0,5,12,8000000
2025-03-17,SKU-007,Kebutuhan Rumah,0,73,0,16000.0,3040.0,5,12,8000000
2025-03-18,SKU-007,Kebutuhan Rumah,0,73,0,16000.0,3040.0,5,12,8000000
2025-03-19,SKU-007,Kebutuhan Rumah,1,72,0,16000.0,3040.0,5,12,8000000
2025-03-20,SKU-007,Kebutuhan Rumah,0,72,0,16000.0,3040.0,5,12,8000000
2025-03-21,SKU-007,Kebutuhan Rumah,1,71,0,16000.0,3040.0,5,12,8000000
2025-03-22,SKU-007,Kebutuhan Rumah,0,71,0,16000.0,3040.0,5,12,8000000
2025-03-23,SKU-007,Kebutuhan Rumah,0,71,0,16000.0,3040.0,5,12,8000000
2025-03-24,SKU-007,Kebutuhan Rumah,0,71,0,16000.0,3040.0,5,12,8000000
2025-03-25,SKU-007,Kebutuhan Rumah,0,71,0,16000.0,3040.0,5,12,8000000
2025-03-26,SKU-007,Kebutuhan Rumah,0,83,0,16000.0,3040.0,5,12,8000000
2025-03-27,SKU-007,Kebutuhan Rumah,0,83,0,16000.0,3040.0,5,12,8000000
2025-03-28,SKU-007,Kebutuhan Rumah,0,83,0,16000.0,3040.0,5,12,8000000
2025-03-29,SKU-007,Kebutuhan Rumah,0,83,0,16000.0,3040.0,5,12,8000000
2025-03-30,SKU-007,Kebutuhan Rumah,1,82,0,16000.0,3040.0,5,12,8000000
2025-03-31,SKU-007,Kebutuhan Rumah,0,82,0,16000.0,3040.0,5,12,8000000
2025-04-01,SKU-007,Kebutuhan Rumah,0,82,0,16000.0,3040.0,5,12,8000000
2025-04-02,SKU-007,Kebutuhan Rumah,0,82,0,16000.0,3040.0,5,12,8000000
2025-04-03,SKU-007,Kebutuhan Rumah,0,82,0,16000.0,3040.0,5,12,8000000
2025-04-04,SKU-007,Kebutuhan Rumah,0,82,0,16000.0,3040.0,5,12,8000000
2025-04-05,SKU-007,Kebutuhan Rumah,0,82,0,16000.0,3040.0,5,12,8000000
2025-04-06,SKU-007,Kebutuhan Rumah,0,82,0,16000.0,3040.0,5,12,8000000
2025-04-07,SKU-007,Kebutuhan Rumah,0,94,0,16000.0,3040.0,5,12,8000000
2025-04-08,SKU-007,Kebutuhan Rumah,0,94,0,16000.0,3040.0,5,12,8000000
2025-04-09,SKU-007,Kebutuhan Rumah,1,93,0,16000.0,3040.0,5,12,8000000
2025-04-10,SKU-007,Kebutuhan Rumah,1,92,0,16000.0,3040.0,5,12,8000000
2025-04-11,SKU-007,Kebutuhan Rumah,0,92,0,16000.0,3040.0,5,12,8000000
2025-04-12,SKU-007,Kebutuhan Rumah,0,92,0,16000.0,3040.0,5,12,8000000
2025-04-13,SKU-007,Kebutuhan Rumah,0,92,0,16000.0,3040.0,5,12,8000000
2025-04-14,SKU-007,Kebutuhan Rumah,0,92,0,16000.0,3040.0,5,12,8000000
2025-04-15,SKU-007,Kebutuhan Rumah,1,91,0,16000.0,3040.0,5,12,8000000
2025-04-16,SKU-007,Kebutuhan Rumah,1,90,0,16000.0,3040.0,5,12,8000000
2025-04-17,SKU-007,Kebutuhan Rumah,0,90,0,16000.0,3040.0,5,12,8000000
2025-04-18,SKU-007,Kebutuhan Rumah,0,90,0,16000.0,3040.0,5,12,8000000
2025-04-19,SKU-007,Kebutuhan Rumah,1,101,0,16000.0,3040.0,5,12,8000000
2025-04-20,SKU-007,Kebutuhan Rumah,0,101,0,16000.0,3040.0,5,12,8000000
2025-04-21,SKU-007,Kebutuhan Rumah,0,101,0,16000.0,3040.0,5,12,8000000
2025-04-22,SKU-007,Kebutuhan Rumah,0,101,0,16000.0,3040.0,5,12,8000000
2025-04-23,SKU-007,Kebutuhan Rumah,0,101,0,16000.0,3040.0,5,12,8000000
2025-04-24,SKU-007,Kebutuhan Rumah,0,101,0,16000.0,3040.0,5,12,8000000
2025-04-25,SKU-007,Kebutuhan Rumah,0,101,0,16000.0,3040.0,5,12,8000000
2025-04-26,SKU-007,Kebutuhan Rumah,0,101,0,16000.0,3040.0,5,12,8000000
2025-04-27,SKU-007,Kebutuhan Rumah,0,101,0,16000.0,3040.0,5,12,8000000
2025-04-28,SKU-007,Kebutuhan Rumah,0,101,0,16000.0,3040.0,5,12,8000000
2025-04-29,SKU-007,Kebutuhan Rumah,1,100,0,16000.0,3040.0,5,12,8000000
2025-04-30,SKU-007,Kebutuhan Rumah,0,100,0,16000.0,3040.0,5,12,8000000
2025-05-01,SKU-007,Kebutuhan Rumah,1,111,0,16000.0,3040.0,5,12,8000000
2025-05-02,SKU-007,Kebutuhan Rumah,1,110,0,16000.0,3040.0,5,12,8000000
2025-05-03,SKU-007,Kebutuhan Rumah,0,110,0,16000.0,3040.0,5,12,8000000
2025-05-04,SKU-007,Kebutuhan Rumah,0,110,0,16000.0,3040.0,5,12,8000000
2025-05-05,SKU-007,Kebutuhan Rumah,1,109,0,16000.0,3040.0,5,12,8000000
2025-05-06,SKU-007,Kebutuhan Rumah,0,109,0,16000.0,3040.0,5,12,8000000
2025-05-07,SKU-007,Kebutuhan Rumah,1,108,0,16000.0,3040.0,5,12,8000000
2025-05-08,SKU-007,Kebutuhan Rumah,1,107,0,16000.0,3040.0,5,12,8000000
2025-05-09,SKU-007,Kebutuhan Rumah,3,104,0,16000.0,3040.0,5,12,8000000
2025-05-10,SKU-007,Kebutuhan Rumah,1,103,0,16000.0,3040.0,5,12,8000000
2025-05-11,SKU-007,Kebutuhan Rumah,2,101,0,16000.0,3040.0,5,12,8000000
2025-05-12,SKU-007,Kebutuhan Rumah,0,101,0,16000.0,3040.0,5,12,8000000
2025-05-13,SKU-007,Kebutuhan Rumah,0,113,0,16000.0,3040.0,5,12,8000000
2025-05-14,SKU-007,Kebutuhan Rumah,0,113,0,16000.0,3040.0,5,12,8000000
2025-05-15,SKU-007,Kebutuhan Rumah,0,113,0,16000.0,3040.0,5,12,8000000
2025-05-16,SKU-007,Kebutuhan Rumah,4,109,0,16000.0,3040.0,5,12,8000000
2025-05-17,SKU-007,Kebutuhan Rumah,0,109,0,16000.0,3040.0,5,12,8000000
2025-05-18,SKU-007,Kebutuhan Rumah,0,109,0,16000.0,3040.0,5,12,8000000
2025-05-19,SKU-007,Kebutuhan Rumah,0,109,0,16000.0,3040.0,5,12,8000000
2025-05-20,SKU-007,Kebutuhan Rumah,1,108,0,16000.0,3040.0,5,12,8000000
2025-05-21,SKU-007,Kebutuhan Rumah,1,107,0,16000.0,3040.0,5,12,8000000
2025-05-22,SKU-007,Kebutuhan Rumah,1,106,0,16000.0,3040.0,5,12,8000000
2025-05-23,SKU-007,Kebutuhan Rumah,1,105,0,16000.0,3040.0,5,12,8000000
2025-05-24,SKU-007,Kebutuhan Rumah,1,104,0,16000.0,3040.0,5,12,8000000
2025-05-25,SKU-007,Kebutuhan Rumah,1,115,0,16000.0,3040.0,5,12,8000000
2025-05-26,SKU-007,Kebutuhan Rumah,0,115,0,16000.0,3040.0,5,12,8000000
2025-05-27,SKU-007,Kebutuhan Rumah,2,113,0,16000.0,3040.0,5,12,8000000
2025-05-28,SKU-007,Kebutuhan Rumah,0,113,0,16000.0,3040.0,5,12,8000000
2025-05-29,SKU-007,Kebutuhan Rumah,2,111,0,16000.0,3040.0,5,12,8000000
2025-05-30,SKU-007,Kebutuhan Rumah,0,111,0,16000.0,3040.0,5,12,8000000
2025-05-31,SKU-007,Kebutuhan Rumah,1,110,0,16000.0,3040.0,5,12,8000000
2025-06-01,SKU-007,Kebutuhan Rumah,1,109,0,16000.0,3040.0,5,12,8000000
2025-06-02,SKU-007,Kebutuhan Rumah,0,109,0,16000.0,3040.0,5,12,8000000
2025-06-03,SKU-007,Kebutuhan Rumah,0,109,0,16000.0,3040.0,5,12,8000000
2025-06-04,SKU-007,Kebutuhan Rumah,1,108,0,16000.0,3040.0,5,12,8000000
2025-06-05,SKU-007,Kebutuhan Rumah,0,108,0,16000.0,3040.0,5,12,8000000
2025-06-06,SKU-007,Kebutuhan Rumah,0,120,0,16000.0,3040.0,5,12,8000000
2025-06-07,SKU-007,Kebutuhan Rumah,1,119,0,16000.0,3040.0,5,12,8000000
2025-06-08,SKU-007,Kebutuhan Rumah,2,117,0,16000.0,3040.0,5,12,8000000
2025-06-09,SKU-007,Kebutuhan Rumah,4,113,0,16000.0,3040.0,5,12,8000000
2025-06-10,SKU-007,Kebutuhan Rumah,1,112,0,16000.0,3040.0,5,12,8000000
2025-06-11,SKU-007,Kebutuhan Rumah,1,111,0,16000.0,3040.0,5,12,8000000
2025-06-12,SKU-007,Kebutuhan Rumah,0,111,0,16000.0,3040.0,5,12,8000000
2025-06-13,SKU-007,Kebutuhan Rumah,0,111,0,16000.0,3040.0,5,12,8000000
2025-06-14,SKU-007,Kebutuhan Rumah,0,111,0,16000.0,3040.0,5,12,8000000
2025-06-15,SKU-007,Kebutuhan Rumah,2,109,0,16000.0,3040.0,5,12,8000000
2025-06-16,SKU-007,Kebutuhan Rumah,1,108,0,16000.0,3040.0,5,12,8000000
2025-06-17,SKU-007,Kebutuhan Rumah,0,108,0,16000.0,3040.0,5,12,8000000
2025-06-18,SKU-007,Kebutuhan Rumah,1,119,0,16000.0,3040.0,5,12,8000000
2025-06-19,SKU-007,Kebutuhan Rumah,0,119,0,16000.0,3040.0,5,12,8000000
2025-06-20,SKU-007,Kebutuhan Rumah,1,118,0,16000.0,3040.0,5,12,8000000
2025-06-21,SKU-007,Kebutuhan Rumah,1,117,0,16000.0,3040.0,5,12,8000000
2025-06-22,SKU-007,Kebutuhan Rumah,1,116,0,16000.0,3040.0,5,12,8000000
2025-06-23,SKU-007,Kebutuhan Rumah,1,115,0,16000.0,3040.0,5,12,8000000
2025-06-24,SKU-007,Kebutuhan Rumah,1,114,0,16000.0,3040.0,5,12,8000000
2025-06-25,SKU-007,Kebutuhan Rumah,1,113,0,16000.0,3040.0,5,12,8000000
2025-06-26,SKU-007,Kebutuhan Rumah,0,113,0,16000.0,3040.0,5,12,8000000
2025-06-27,SKU-007,Kebutuhan Rumah,1,112,0,16000.0,3040.0,5,12,8000000
2025-06-28,SKU-007,Kebutuhan Rumah,1,111,0,16000.0,3040.0,5,12,8000000
2025-06-29,SKU-007,Kebutuhan Rumah,0,111,0,16000.0,3040.0,5,12,8000000
2025-06-30,SKU-007,Kebutuhan Rumah,1,122,0,16000.0,3040.0,5,12,8000000
2025-07-01,SKU-007,Kebutuhan Rumah,0,122,0,16000.0,3040.0,5,12,8000000
2025-07-02,SKU-007,Kebutuhan Rumah,0,122,0,16000.0,3040.0,5,12,8000000
2025-07-03,SKU-007,Kebutuhan Rumah,1,121,0,16000.0,3040.0,5,12,8000000
2025-07-04,SKU-007,Kebutuhan Rumah,0,121,0,16000.0,3040.0,5,12,8000000
2025-07-05,SKU-007,Kebutuhan Rumah,1,120,0,16000.0,3040.0,5,12,8000000
2025-07-06,SKU-007,Kebutuhan Rumah,0,120,0,16000.0,3040.0,5,12,8000000
2025-07-07,SKU-007,Kebutuhan Rumah,2,118,0,16000.0,3040.0,5,12,8000000
2025-07-08,SKU-007,Kebutuhan Rumah,0,118,0,16000.0,3040.0,5,12,8000000
2025-07-09,SKU-007,Kebutuhan Rumah,0,118,0,16000.0,3040.0,5,12,8000000
2025-07-10,SKU-007,Kebutuhan Rumah,2,116,0,16000.0,3040.0,5,12,8000000
2025-07-11,SKU-007,Kebutuhan Rumah,0,116,0,16000.0,3040.0,5,12,8000000
2025-07-12,SKU-007,Kebutuhan Rumah,1,127,0,16000.0,3040.0,5,12,8000000
2025-07-13,SKU-007,Kebutuhan Rumah,0,127,0,16000.0,3040.0,5,12,8000000
2025-07-14,SKU-007,Kebutuhan Rumah,0,127,0,16000.0,3040.0,5,12,8000000
2025-07-15,SKU-007,Kebutuhan Rumah,0,127,0,16000.0,3040.0,5,12,8000000
2025-07-16,SKU-007,Kebutuhan Rumah,0,127,0,16000.0,3040.0,5,12,8000000
2025-07-17,SKU-007,Kebutuhan Rumah,1,126,0,16000.0,3040.0,5,12,8000000
2025-07-18,SKU-007,Kebutuhan Rumah,0,126,0,16000.0,3040.0,5,12,8000000
2025-07-19,SKU-007,Kebutuhan Rumah,1,125,0,16000.0,3040.0,5,12,8000000
2025-07-20,SKU-007,Kebutuhan Rumah,1,124,0,16000.0,3040.0,5,12,8000000
2025-07-21,SKU-007,Kebutuhan Rumah,1,123,0,16000.0,3040.0,5,12,8000000
2025-07-22,SKU-007,Kebutuhan Rumah,0,123,0,16000.0,3040.0,5,12,8000000
2025-07-23,SKU-007,Kebutuhan Rumah,0,123,0,16000.0,3040.0,5,12,8000000
2025-07-24,SKU-007,Kebutuhan Rumah,0,135,0,16000.0,3040.0,5,12,8000000
2025-07-25,SKU-007,Kebutuhan Rumah,0,135,0,16000.0,3040.0,5,12,8000000
2025-07-26,SKU-007,Kebutuhan Rumah,1,134,0,16000.0,3040.0,5,12,8000000
2025-07-27,SKU-007,Kebutuhan Rumah,1,133,0,16000.0,3040.0,5,12,8000000
2025-07-28,SKU-007,Kebutuhan Rumah,0,133,0,16000.0,3040.0,5,12,8000000
2025-07-29,SKU-007,Kebutuhan Rumah,1,132,0,16000.0,3040.0,5,12,8000000
2025-07-30,SKU-007,Kebutuhan Rumah,1,131,0,16000.0,3040.0,5,12,8000000
2025-07-31,SKU-007,Kebutuhan Rumah,0,131,0,16000.0,3040.0,5,12,8000000
2025-08-01,SKU-007,Kebutuhan Rumah,0,131,0,16000.0,3040.0,5,12,8000000
2025-08-02,SKU-007,Kebutuhan Rumah,1,130,0,16000.0,3040.0,5,12,8000000
2025-08-03,SKU-007,Kebutuhan Rumah,2,128,0,16000.0,3040.0,5,12,8000000
2025-08-04,SKU-007,Kebutuhan Rumah,1,127,0,16000.0,3040.0,5,12,8000000
2025-08-05,SKU-007,Kebutuhan Rumah,1,138,0,16000.0,3040.0,5,12,8000000
2025-08-06,SKU-007,Kebutuhan Rumah,0,138,0,16000.0,3040.0,5,12,8000000
2025-08-07,SKU-007,Kebutuhan Rumah,1,137,0,16000.0,3040.0,5,12,8000000
2025-08-08,SKU-007,Kebutuhan Rumah,0,137,0,16000.0,3040.0,5,12,8000000
2025-01-01,SKU-008,Perawatan,1,61,0,18250.0,4106.25,7,24,8000000
2025-01-02,SKU-008,Perawatan,1,60,0,18250.0,4106.25,7,24,8000000
2025-01-03,SKU-008,Perawatan,0,60,0,18250.0,4106.25,7,24,8000000
2025-01-04,SKU-008,Perawatan,1,59,0,18250.0,4106.25,7,24,8000000
2025-01-05,SKU-008,Perawatan,1,58,0,18250.0,4106.25,7,24,8000000
2025-01-06,SKU-008,Perawatan,0,58,0,18250.0,4106.25,7,24,8000000
2025-01-07,SKU-008,Perawatan,0,58,0,18250.0,4106.25,7,24,8000000
2025-01-08,SKU-008,Perawatan,2,56,0,18250.0,4106.25,7,24,8000000
2025-01-09,SKU-008,Perawatan,2,54,0,18250.0,4106.25,7,24,8000000
2025-01-10,SKU-008,Perawatan,1,53,0,18250.0,4106.25,7,24,8000000
2025-01-11,SKU-008,Perawatan,1,52,0,18250.0,4106.25,7,24,8000000
2025-01-12,SKU-008,Perawatan,4,48,0,18250.0,4106.25,7,24,8000000
2025-01-13,SKU-008,Perawatan,0,48,0,18250.0,4106.25,7,24,8000000
2025-01-14,SKU-008,Perawatan,1,47,0,18250.0,4106.25,7,24,8000000
2025-01-15,SKU-008,Perawatan,2,69,0,18250.0,4106.25,7,24,8000000
2025-01-16,SKU-008,Perawatan,0,69,0,18250.0,4106.25,7,24,8000000
2025-01-17,SKU-008,Perawatan,1,68,0,18250.0,4106.25,7,24,8000000
2025-01-18,SKU-008,Perawatan,2,66,0,18250.0,4106.25,7,24,8000000
2025-01-19,SKU-008,Perawatan,0,66,0,18250.0,4106.25,7,24,8000000
2025-01-20,SKU-008,Perawatan,1,65,0,18250.0,4106.25,7,24,8000000
2025-01-21,SKU-008,Perawatan,3,62,0,18250.0,4106.25,7,24,8000000
2025-01-22,SKU-008,Perawatan,4,58,0,18250.0,4106.25,7,24,8000000
2025-01-23,SKU-008,Perawatan,1,57,0,18250.0,4106.25,7,24,8000000
2025-01-24,SKU-008,Perawatan,1,56,0,18250.0,4106.25,7,24,8000000
2025-01-25,SKU-008,Perawatan,2,54,0,18250.0,4106.25,7,24,8000000
2025-01-26,SKU-008,Perawatan,3,51,0,18250.0,4106.25,7,24,8000000
2025-01-27,SKU-008,Perawatan,2,49,0,18250.0,4106.25,7,24,8000000
2025-01-28,SKU-008,Perawatan,0,49,0,18250.0,4106.25,7,24,8000000
2025-01-29,SKU-008,Perawatan,0,73,0,18250.0,4106.25,7,24,8000000
2025-01-30,SKU-008,Perawatan,0,73,0,18250.0,4106.25,7,24,8000000
2025-01-31,SKU-008,Perawatan,0,73,0,18250.0,4106.25,7,24,8000000
2025-02-01,SKU-008,Perawatan,1,72,0,18250.0,4106.25,7,24,8000000
2025-02-02,SKU-008,Perawatan,4,68,0,18250.0,4106.25,7,24,8000000
2025-02-03,SKU-008,Perawatan,1,67,0,18250.0,4106.25,7,24,8000000
2025-02-04,SKU-008,Perawatan,0,67,0,18250.0,4106.25,7,24,8000000
2025-02-05,SKU-008,Perawatan,2,65,0,18250.0,4106.25,7,24,8000000
2025-02-06,SKU-008,Perawatan,1,64,0,18250.0,4106.25,7,24,8000000
2025-02-07,SKU-008,Perawatan,1,63,0,18250.0,4106.25,7,24,8000000
2025-02-08,SKU-008,Perawatan,0,63,0,18250.0,4106.25,7,24,8000000
2025-02-09,SKU-008,Perawatan,0,63,0,18250.0,4106.25,7,24,8000000
2025-02-10,SKU-008,Perawatan,2,61,0,18250.0,4106.25,7,24,8000000
2025-02-11,SKU-008,Perawatan,1,60,0,18250.0,4106.25,7,24,8000000
2025-02-12,SKU-008,Perawatan,2,82,0,18250.0,4106.25,7,24,8000000
2025-02-13,SKU-008,Perawatan,2,80,0,18250.0,4106.25,7,24,8000000
2025-02-14,SKU-008,Perawatan,1,79,0,18250.0,4106.25,7,24,8000000
2025-02-15,SKU-008,Perawatan,2,77,0,18250.0,4106.25,7,24,8000000
2025-02-16,SKU-008,Perawatan,0,77,0,18250.0,4106.25,7,24,8000000
2025-02-17,SKU-008,Perawatan,0,77,0,18250.0,4106.25,7,24,8000000
2025-02-18,SKU-008,Perawatan,1,76,0,18250.0,4106.25,7,24,8000000
2025-02-19,SKU-008,Perawatan,0,76,0,18250.0,4106.25,7,24,8000000
2025-02-20,SKU-008,Perawatan,1,75,0,18250.0,4106.25,7,24,8000000
2025-02-21,SKU-008,Perawatan,1,74,0,18250.0,4106.25,7,24,8000000
2025-02-22,SKU-008,Perawatan,2,72,0,18250.0,4106.25,7,24,8000000
2025-02-23,SKU-008,Perawatan,2,70,0,18250.0,4106.25,7,24,8000000
2025-02-24,SKU-008,Perawatan,2,68,0,18250.0,4106.25,7,24,8000000
2025-02-25,SKU-008,Perawatan,1,67,0,18250.0,4106.25,7,24,8000000
2025-02-26,SKU-008,Perawatan,1,90,0,18250.0,4106.25,7,24,8000000
2025-02-27,SKU-008,Perawatan,1,89,0,18250.0,4106.25,7,24,8000000
2025-02-28,SKU-008,Perawatan,1,88,0,18250.0,4106.25,7,24,8000000
2025-03-01,SKU-008,Perawatan,1,87,0,18250.0,4106.25,7,24,8000000
2025-03-02,SKU-008,Perawatan,1,86,0,18250.0,4106.25,7,24,8000000
2025-03-03,SKU-008,Perawatan,3,83,0,18250.0,4106.25,7,24,8000000
2025-03-04,SKU-008,Perawatan,0,83,0,18250.0,4106.25,7,24,8000000
2025-03-05,SKU-008,Perawatan,1,82,0,18250.0,4106.25,7,24,8000000
2025-03-06,SKU-008,Perawatan,2,80,0,18250.0,4106.25,7,24,8000000
2025-03-07,SKU-008,Perawatan,3,77,0,18250.0,4106.25,7,24,8000000
2025-03-08,SKU-008,Perawatan,1,76,0,18250.0,4106.25,7,24,8000000
2025-03-09,SKU-008,Perawatan,1,75,0,18250.0,4106.25,7,24,8000000
2025-03-10,SKU-008,Perawatan,0,75,0,18250.0,4106.25,7,24,8000000
2025-03-11,SKU-008,Perawatan,1,74,0,18250.0,4106.25,7,24,8000000
2025-03-12,SKU-008,Perawatan,1,97,0,18250.0,4106.25,7,24,8000000
2025-03-13,SKU-008,Perawatan,0,97,0,18250.0,4106.25,7,24,8000000
2025-03-14,SKU-008,Perawatan,0,97,0,18250.0,4106.25,7,24,8000000
2025-03-15,SKU-008,Perawatan,1,96,0,18250.0,4106.25,7,24,8000000
2025-03-16,SKU-008,Perawatan,0,96,0,18250.0,4106.25,7,24,8000000
2025-03-17,SKU-008,Perawatan,0,96,0,18250.0,4106.25,7,24,8000000
2025-03-18,SKU-008,Perawatan,3,93,0,18250.0,4106.25,7,24,8000000
2025-03-19,SKU-008,Perawatan,4,89,0,18250.0,4106.25,7,24,8000000
2025-03-20,SKU-008,Perawatan,3,86,0,18250.0,4106.25,7,24,8000000
2025-03-21,SKU-008,Perawatan,2,84,0,18250.0,4106.25,7,24,8000000
2025-03-22,SKU-008,Perawatan,0,84,0,18250.0,4106.25,7,24,8000000
2025-03-23,SKU-008,Perawatan,2,82,0,18250.0,4106.25,7,24,8000000
2025-03-24,SKU-008,Perawatan,2,80,0,18250.0,4106.25,7,24,8000000
2025-03-25,SKU-008,Perawatan,0,80,0,18250.0,4106.25,7,24,8000000
2025-03-26,SKU-008,Perawatan,0,104,0,18250.0,4106.25,7,24,8000000
2025-03-27,SKU-008,Perawatan,0,104,0,18250.0,4106.25,7,24,8000000
2025-03-28,SKU-008,Perawatan,1,103,0,18250.0,4106.25,7,24,8000000
2025-03-29,SKU-008,Perawatan,2,101,0,18250.0,4106.25,7,24,8000000
2025-03-30,SKU-008,Perawatan,2,99,0,18250.0,4106.25,7,24,8000000
2025-03-31,SKU-008,Perawatan,2,97,0,18250.0,4106.25,7,24,8000000
2025-04-01,SKU-008,Perawatan,2,95,0,18250.0,4106.25,7,24,8000000
2025-04-02,SKU-008,Perawatan,1,94,0,18250.0,4106.25,7,24,8000000
2025-04-03,SKU-008,Perawatan,1,93,0,18250.0,4106.25,7,24,8000000
2025-04-04,SKU-008,Perawatan,0,93,0,18250.0,4106.25,7,24,8000000
2025-04-05,SKU-008,Perawatan,3,90,0,18250.0,4106.25,7,24,8000000
2025-04-06,SKU-008,Perawatan,1,89,0,18250.0,4106.25,7,24,8000000
2025-04-07,SKU-008,Perawatan,0,89,0,18250.0,4106.25,7,24,8000000
2025-04-08,SKU-008,Perawatan,1,88,0,18250.0,4106.25,7,24,8000000
2025-04-09,SKU-008,Perawatan,1,111,0,18250.0,4106.25,7,24,8000000
2025-04-10,SKU-008,Perawatan,1,110,0,18250.0,4106.25,7,24,8000000
2025-04-11,SKU-008,Perawatan,0,110,0,18250.0,4106.25,7,24,8000000
2025-04-12,SKU-008,Perawatan,5,105,0,18250.0,4106.25,7,24,8000000
2025-04-13,SKU-008,Perawatan,1,104,0,18250.0,4106.25,7,24,8000000
2025-04-14,SKU-008,Perawatan,4,100,0,18250.0,4106.25,7,24,8000000
2025-04-15,SKU-008,Perawatan,2,98,0,18250.0,4106.25,7,24,8000000
2025-04-16,SKU-008,Perawatan,1,97,0,18250.0,4106.25,7,24,8000000
2025-04-17,SKU-008,Perawatan,1,96,0,18250.0,4106.25,7,24,8000000
2025-04-18,SKU-008,Perawatan,0,96,0,18250.0,4106.25,7,24,8000000
2025-04-19,SKU-008,Perawatan,0,96,0,18250.0,4106.25,7,24,8000000
2025-04-20,SKU-008,Perawatan,2,94,0,18250.0,4106.25,7,24,8000000
2025-04-21,SKU-008,Perawatan,2,92,0,18250.0,4106.25,7,24,8000000
2025-04-22,SKU-008,Perawatan,0,92,0,18250.0,4106.25,7,24,8000000
2025-04-23,SKU-008,Perawatan,0,116,0,18250.0,4106.25,7,24,8000000
2025-04-24,SKU-008,Perawatan,2,114,0,18250.0,4106.25,7,24,8000000
2025-04-25,SKU-008,Perawatan,0,114,0,18250.0,4106.25,7,24,8000000
2025-04-26,SKU-008,Perawatan,1,113,0,18250.0,4106.25,7,24,8000000
2025-04-27,SKU-008,Perawatan,4,109,0,18250.0,4106.25,7,24,8000000
2025-04-28,SKU-008,Perawatan,2,107,0,18250.0,4106.25,7,24,8000000
2025-04-29,SKU-008,Perawatan,1,106,0,18250.0,4106.25,7,24,8000000
2025-04-30,SKU-008,Perawatan,2,104,0,18250.0,4106.25,7,24,8000000
2025-05-01,SKU-008,Perawatan,0,104,0,18250.0,4106.25,7,24,8000000
2025-05-02,SKU-008,Perawatan,3,101,0,18250.0,4106.25,7,24,8000000
2025-05-03,SKU-008,Perawatan,1,100,0,18250.0,4106.25,7,24,8000000
2025-05-04,SKU-008,Perawatan,2,98,0,18250.0,4106.25,7,24,8000000
2025-05-05,SKU-008,Perawatan,2,96,0,18250.0,4106.25,7,24,8000000
2025-05-06,SKU-008,Perawatan,0,96,0,18250.0,4106.25,7,24,8000000
2025-05-07,SKU-008,Perawatan,2,118,0,18250.0,4106.25,7,24,8000000
2025-05-08,SKU-008,Perawatan,1,117,0,18250.0,4106.25,7,24,8000000
2025-05-09,SKU-008,Perawatan,0,117,0,18250.0,4106.25,7,24,8000000
2025-05-10,SKU-008,Perawatan,2,115,0,18250.0,4106.25,7,24,8000000
2025-05-11,SKU-008,Perawatan,5,110,0,18250.0,4106.25,7,24,8000000
2025-05-12,SKU-008,Perawatan,0,110,0,18250.0,4106.25,7,24,8000000
2025-05-13,SKU-008,Perawatan,1,109,0,18250.0,4106.25,7,24,8000000
2025-05-14,SKU-008,Perawatan,0,109,0,18250.0,4106.25,7,24,8000000
2025-05-15,SKU-008,Perawatan,1,108,0,18250.0,4106.25,7,24,8000000
2025-05-16,SKU-008,Perawatan,1,107,0,18250.0,4106.25,7,24,8000000
2025-05-17,SKU-008,Perawatan,2,105,0,18250.0,4106.25,7,24,8000000
2025-05-18,SKU-008,Perawatan,2,103,0,18250.0,4106.25,7,24,8000000
2025-05-19,SKU-008,Perawatan,1,102,0,18250.0,4106.25,7,24,8000000
2025-05-20,SKU-008,Perawatan,1,101,0,18250.0,4106.25,7,24,8000000
2025-05-21,SKU-008,Perawatan,0,125,0,18250.0,4106.25,7,24,8000000
2025-05-22,SKU-008,Perawatan,1,124,0,18250.0,4106.25,7,24,8000000
2025-05-23,SKU-008,Perawatan,1,123,0,18250.0,4106.25,7,24,8000000
2025-05-24,SKU-008,Perawatan,1,122,0,18250.0,4106.25,7,24,8000000
2025-05-25,SKU-008,Perawatan,5,117,0,18250.0,4106.25,7,24,8000000
2025-05-26,SKU-008,Perawatan,1,116,0,18250.0,4106.25,7,24,8000000
2025-05-27,SKU-008,Perawatan,0,116,0,18250.0,4106.25,7,24,8000000
2025-05-28,SKU-008,Perawatan,1,115,0,18250.0,4106.25,7,24,8000000
2025-05-29,SKU-008,Perawatan,1,114,0,18250.0,4106.25,7,24,8000000
2025-05-30,SKU-008,Perawatan,3,111,0,18250.0,4106.25,7,24,8000000
2025-05-31,SKU-008,Perawatan,5,106,0,18250.0,4106.25,7,24,8000000
2025-06-01,SKU-008,Perawatan,2,104,0,18250.0,4106.25,7,24,8000000
2025-06-02,SKU-008,Perawatan,1,103,0,18250.0,4106.25,7,24,8000000
2025-06-03,SKU-008,Perawatan,1,102,0,18250.0,4106.25,7,24,8000000
2025-06-04,SKU-008,Perawatan,1,125,0,18250.0,4106.25,7,24,8000000
2025-06-05,SKU-008,Perawatan,0,125,0,18250.0,4106.25,7,24,8000000
2025-06-06,SKU-008,Perawatan,3,122,0,18250.0,4106.25,7,24,8000000
2025-06-07,SKU-008,Perawatan,1,121,0,18250.0,4106.25,7,24,8000000
2025-06-08,SKU-008,Perawatan,0,121,0,18250.0,4106.25,7,24,8000000
2025-06-09,SKU-008,Perawatan,1,120,0,18250.0,4106.25,7,24,8000000
2025-06-10,SKU-008,Perawatan,0,120,0,18250.0,4106.25,7,24,8000000
2025-06-11,SKU-008,Perawatan,2,118,0,18250.0,4106.25,7,24,8000000
2025-06-12,SKU-008,Perawatan,1,117,0,18250.0,4106.25,7,24,8000000
2025-06-13,SKU-008,Perawatan,0,117,0,18250.0,4106.25,7,24,8000000
2025-06-14,SKU-008,Perawatan,6,111,0,18250.0,4106.25,7,24,8000000
2025-06-15,SKU-008,Perawatan,1,110,0,18250.0,4106.25,7,24,8000000
2025-06-16,SKU-008,Perawatan,3,107,0,18250.0,4106.25,7,24,8000000
2025-06-17,SKU-008,Perawatan,0,107,0,18250.0,4106.25,7,24,8000000
2025-06-18,SKU-008,Perawatan,1,130,0,18250.0,4106.25,7,24,8000000
2025-06-19,SKU-008,Perawatan,1,129,0,18250.0,4106.25,7,24,8000000
2025-06-20,SKU-008,Perawatan,0,129,0,18250.0,4106.25,7,24,8000000
2025-06-21,SKU-008,Perawatan,1,128,0,18250.0,4106.25,7,24,8000000
2025-06-22,SKU-008,Perawatan,2,126,0,18250.0,4106.25,7,24,8000000
2025-06-23,SKU-008,Perawatan,2,124,0,18250.0,4106.25,7,24,8000000
2025-06-24,SKU-008,Perawatan,2,122,0,18250.0,4106.25,7,24,8000000
2025-06-25,SKU-008,Perawatan,1,121,0,18250.0,4106.25,7,24,8000000
2025-06-26,SKU-008,Perawatan,0,121,0,18250.0,4106.25,7,24,8000000
2025-06-27,SKU-008,Perawatan,3,118,0,18250.0,4106.25,7,24,8000000
2025-06-28,SKU-008,Perawatan,2,116,0,18250.0,4106.25,7,24,8000000
2025-06-29,SKU-008,Perawatan,2,114,0,18250.0,4106.25,7,24,8000000
2025-06-30,SKU-008,Perawatan,2,112,0,18250.0,4106.25,7,24,8000000
2025-07-01,SKU-008,Perawatan,0,112,0,18250.0,4106.25,7,24,8000000
2025-07-02,SKU-008,Perawatan,2,134,0,18250.0,4106.25,7,24,8000000
2025-07-03,SKU-008,Perawatan,1,133,0,18250.0,4106.25,7,24,8000000
2025-07-04,SKU-008,Perawatan,1,132,0,18250.0,4106.25,7,24,8000000
2025-07-05,SKU-008,Perawatan,1,131,0,18250.0,4106.25,7,24,8000000
2025-07-06,SKU-008,Perawatan,1,130,0,18250.0,4106.25,7,24,8000000
2025-07-07,SKU-008,Perawatan,1,129,0,18250.0,4106.25,7,24,8000000
2025-07-08,SKU-008,Perawatan,3,126,0,18250.0,4106.25,7,24,8000000
2025-07-09,SKU-008,Perawatan,1,125,0,18250.0,4106.25,7,24,8000000
2025-07-10,SKU-008,Perawatan,0,125,0,18250.0,4106.25,7,24,8000000
2025-07-11,SKU-008,Perawatan,1,124,0,18250.0,4106.25,7,24,8000000
2025-07-12,SKU-008,Perawatan,1,123,0,18250.0,4106.25,7,24,8000000
2025-07-13,SKU-008,Perawatan,2,121,0,18250.0,4106.25,7,24,8000000
2025-07-14,SKU-008,Perawatan,0,121,0,18250.0,4106.25,7,24,8000000
2025-07-15,SKU-008,Perawatan,0,121,0,18250.0,4106.25,7,24,8000000
2025-07-16,SKU-008,Perawatan,1,144,0,18250.0,4106.25,7,24,8000000
2025-07-17,SKU-008,Perawatan,3,141,0,18250.0,4106.25,7,24,8000000
2025-07-18,SKU-008,Perawatan,3,138,0,18250.0,4106.25,7,24,8000000
2025-07-19,SKU-008,Perawatan,2,136,0,18250.0,4106.25,7,24,8000000
2025-07-20,SKU-008,Perawatan,0,136,0,18250.0,4106.25,7,24,8000000
2025-07-21,SKU-008,Perawatan,0,136,0,18250.0,4106.25,7,24,8000000
2025-07-22,SKU-008,Perawatan,0,136,0,18250.0,4106.25,7,24,8000000
2025-07-23,SKU-008,Perawatan,1,135,0,18250.0,4106.25,7,24,8000000
2025-07-24,SKU-008,Perawatan,2,133,0,18250.0,4106.25,7,24,8000000
2025-07-25,SKU-008,Perawatan,1,132,0,18250.0,4106.25,7,24,8000000
2025-07-26,SKU-008,Perawatan,0,132,0,18250.0,4106.25,7,24,8000000
2025-07-27,SKU-008,Perawatan,4,128,0,18250.0,4106.25,7,24,8000000
2025-07-28,SKU-008,Perawatan,0,128,0,18250.0,4106.25,7,24,8000000
2025-07-29,SKU-008,Perawatan,0,128,0,18250.0,4106.25,7,24,8000000
2025-07-30,SKU-008,Perawatan,1,151,0,18250.0,4106.25,7,24,8000000
2025-07-31,SKU-008,Perawatan,4,147,0,18250.0,4106.25,7,24,8000000
2025-08-01,SKU-008,Perawatan,0,147,0,18250.0,4106.25,7,24,8000000
2025-08-02,SKU-008,Perawatan,2,145,0,18250.0,4106.25,7,24,8000000
2025-08-03,SKU-008,Perawatan,2,143,0,18250.0,4106.25,7,24,8000000
2025-08-04,SKU-008,Perawatan,2,141,0,18250.0,4106.25,7,24,8000000
2025-08-05,SKU-008,Perawatan,0,141,0,18250.0,4106.25,7,24,8000000
2025-08-06,SKU-008,Perawatan,1,140,0,18250.0,4106.25,7,24,8000000
2025-08-07,SKU-008,Perawatan,0,140,0,18250.0,4106.25,7,24,8000000
2025-08-08,SKU-008,Perawatan,2,138,0,18250.0,4106.25,7,24,8000000
2025-01-01,SKU-009,Makanan,5,70,0,2500.0,300.0,9,1,8000000
2025-01-02,SKU-009,Makanan,1,69,0,2500.0,300.0,9,1,8000000
2025-01-03,SKU-009,Makanan,2,67,0,2500.0,300.0,9,1,8000000
2025-01-04,SKU-009,Makanan,2,65,0,2500.0,300.0,9,1,8000000
2025-01-05,SKU-009,Makanan,0,65,0,2500.0,300.0,9,1,8000000
2025-01-06,SKU-009,Makanan,3,62,0,2500.0,300.0,9,1,8000000
2025-01-07,SKU-009,Makanan,3,59,0,2500.0,300.0,9,1,8000000
2025-01-08,SKU-009,Makanan,1,58,0,2500.0,300.0,9,1,8000000
2025-01-09,SKU-009,Makanan,0,58,0,2500.0,300.0,9,1,8000000
2025-01-10,SKU-009,Makanan,0,58,0,2500.0,300.0,9,1,8000000
2025-01-11,SKU-009,Makanan,0,58,0,2500.0,300.0,9,1,8000000
2025-01-12,SKU-009,Makanan,2,56,0,2500.0,300.0,9,1,8000000
2025-01-13,SKU-009,Makanan,2,54,0,2500.0,300.0,9,1,8000000
2025-01-14,SKU-009,Makanan,1,53,0,2500.0,300.0,9,1,8000000
2025-01-15,SKU-009,Makanan,4,49,0,2500.0,300.0,9,1,8000000
2025-01-16,SKU-009,Makanan,0,49,0,2500.0,300.0,9,1,8000000
2025-01-17,SKU-009,Makanan,2,75,0,2500.0,300.0,9,1,8000000
2025-01-18,SKU-009,Makanan,5,70,0,2500.0,300.0,9,1,8000000
2025-01-19,SKU-009,Makanan,3,67,0,2500.0,300.0,9,1,8000000
2025-01-20,SKU-009,Makanan,2,65,0,2500.0,300.0,9,1,8000000
2025-01-21,SKU-009,Makanan,1,64,0,2500.0,300.0,9,1,8000000
2025-01-22,SKU-009,Makanan,0,64,0,2500.0,300.0,9,1,8000000
2025-01-23,SKU-009,Makanan,1,63,0,2500.0,300.0,9,1,8000000
2025-01-24,SKU-009,Makanan,1,62,0,2500.0,300.0,9,1,8000000
2025-01-25,SKU-009,Makanan,2,60,0,2500.0,300.0,9,1,8000000
2025-01-26,SKU-009,Makanan,2,58,0,2500.0,300.0,9,1,8000000
2025-01-27,SKU-009,Makanan,0,58,0,2500.0,300.0,9,1,8000000
2025-01-28,SKU-009,Makanan,6,52,0,2500.0,300.0,9,1,8000000
2025-01-29,SKU-009,Makanan,1,51,0,2500.0,300.0,9,1,8000000
2025-01-30,SKU-009,Makanan,2,49,0,2500.0,300.0,9,1,8000000
2025-01-31,SKU-009,Makanan,0,49,0,2500.0,300.0,9,1,8000000
2025-02-01,SKU-009,Makanan,5,44,0,2500.0,300.0,9,1,8000000
2025-02-02,SKU-009,Makanan,2,70,0,2500.0,300.0,9,1,8000000
2025-02-03,SKU-009,Makanan,2,68,0,2500.0,300.0,9,1,8000000
2025-02-04,SKU-009,Makanan,2,66,0,2500.0,300.0,9,1,8000000
2025-02-05,SKU-009,Makanan,1,65,0,2500.0,300.0,9,1,8000000
2025-02-06,SKU-009,Makanan,0,65,0,2500.0,300.0,9,1,8000000
2025-02-07,SKU-009,Makanan,2,63,0,2500.0,300.0,9,1,8000000
2025-02-08,SKU-009,Makanan,1,62,0,2500.0,300.0,9,1,8000000
2025-02-09,SKU-009,Makanan,4,58,0,2500.0,300.0,9,1,8000000
2025-02-10,SKU-009,Makanan,0,58,0,2500.0,300.0,9,1,8000000
2025-02-11,SKU-009,Makanan,1,57,0,2500.0,300.0,9,1,8000000
2025-02-12,SKU-009,Makanan,3,54,0,2500.0,300.0,9,1,8000000
2025-02-13,SKU-009,Makanan,1,53,0,2500.0,300.0,9,1,8000000
2025-02-14,SKU-009,Makanan,3,50,0,2500.0,300.0,9,1,8000000
2025-02-15,SKU-009,Makanan,2,48,0,2500.0,300.0,9,1,8000000
2025-02-16,SKU-009,Makanan,2,46,0,2500.0,300.0,9,1,8000000
2025-02-17,SKU-009,Makanan,2,44,0,2500.0,300.0,9,1,8000000
2025-02-18,SKU-009,Makanan,2,70,0,2500.0,300.0,9,1,8000000
2025-02-19,SKU-009,Makanan,0,70,0,2500.0,300.0,9,1,8000000
2025-02-20,SKU-009,Makanan,2,68,0,2500.0,300.0,9,1,8000000
2025-02-21,SKU-009,Makanan,2,66,0,2500.0,300.0,9,1,8000000
2025-02-22,SKU-009,Makanan,3,63,0,2500.0,300.0,9,1,8000000
2025-02-23,SKU-009,Makanan,3,60,0,2500.0,300.0,9,1,8000000
2025-02-24,SKU-009,Makanan,4,56,0,2500.0,300.0,9,1,8000000
2025-02-25,SKU-009,Makanan,4,52,0,2500.0,300.0,9,1,8000000
2025-02-26,SKU-009,Makanan,3,49,0,2500.0,300.0,9,1,8000000
2025-02-27,SKU-009,Makanan,3,46,0,2500.0,300.0,9,1,8000000
2025-02-28,SKU-009,Makanan,2,44,0,2500.0,300.0,9,1,8000000
2025-03-01,SKU-009,Makanan,8,36,0,2500.0,300.0,9,1,8000000
2025-03-02,SKU-009,Makanan,3,33,0,2500.0,300.0,9,1,8000000
2025-03-03,SKU-009,Makanan,3,30,0,2500.0,300.0,9,1,8000000
2025-03-04,SKU-009,Makanan,0,30,0,2500.0,300.0,9,1,8000000
2025-03-05,SKU-009,Makanan,2,28,0,2500.0,300.0,9,1,8000000
2025-03-06,SKU-009,Makanan,0,56,0,2500.0,300.0,9,1,8000000
2025-03-07,SKU-009,Makanan,0,56,0,2500.0,300.0,9,1,8000000
2025-03-08,SKU-009,Makanan,0,56,0,2500.0,300.0,9,1,8000000
2025-03-09,SKU-009,Makanan,2,54,0,2500.0,300.0,9,1,8000000
2025-03-10,SKU-009,Makanan,2,52,0,2500.0,300.0,9,1,8000000
2025-03-11,SKU-009,Makanan,2,50,0,2500.0,300.0,9,1,8000000
2025-03-12,SKU-009,Makanan,0,50,0,2500.0,300.0,9,1,8000000
2025-03-13,SKU-009,Makanan,1,49,0,2500.0,300.0,9,1,8000000
2025-03-14,SKU-009,Makanan,1,48,0,2500.0,300.0,9,1,8000000
2025-03-15,SKU-009,Makanan,3,45,0,2500.0,300.0,9,1,8000000
2025-03-16,SKU-009,Makanan,2,43,0,2500.0,300.0,9,1,8000000
2025-03-17,SKU-009,Makanan,3,40,0,2500.0,300.0,9,1,8000000
2025-03-18,SKU-009,Makanan,0,40,0,2500.0,300.0,9,1,8000000
2025-03-19,SKU-009,Makanan,1,39,0,2500.0,300.0,9,1,8000000
2025-03-20,SKU-009,Makanan,0,39,0,2500.0,300.0,9,1,8000000
2025-03-21,SKU-009,Makanan,0,39,0,2500.0,300.0,9,1,8000000
2025-03-22,SKU-009,Makanan,2,65,0,2500.0,300.0,9,1,8000000
2025-03-23,SKU-009,Makanan,3,62,0,2500.0,300.0,9,1,8000000
2025-03-24,SKU-009,Makanan,1,61,0,2500.0,300.0,9,1,8000000
2025-03-25,SKU-009,Makanan,2,59,0,2500.0,300.0,9,1,8000000
2025-03-26,SKU-009,Makanan,2,57,0,2500.0,300.0,9,1,8000000
2025-03-27,SKU-009,Makanan,2,55,0,2500.0,300.0,9,1,8000000
2025-03-28,SKU-009,Makanan,0,55,0,2500.0,300.0,9,1,8000000
2025-03-29,SKU-009,Makanan,1,54,0,2500.0,300.0,9,1,8000000
2025-03-30,SKU-009,Makanan,5,49,0,2500.0,300.0,9,1,8000000
2025-03-31,SKU-009,Makanan,0,49,0,2500.0,300.0,9,1,8000000
2025-04-01,SKU-009,Makanan,3,46,0,2500.0,300.0,9,1,8000000
2025-04-02,SKU-009,Makanan,3,43,0,2500.0,300.0,9,1,8000000
2025-04-03,SKU-009,Makanan,1,42,0,2500.0,300.0,9,1,8000000
2025-04-04,SKU-009,Makanan,4,38,0,2500.0,300.0,9,1,8000000
2025-04-05,SKU-009,Makanan,0,38,0,2500.0,300.0,9,1,8000000
2025-04-06,SKU-009,Makanan,2,36,0,2500.0,300.0,9,1,8000000
2025-04-07,SKU-009,Makanan,2,62,0,2500.0,300.0,9,1,8000000
2025-04-08,SKU-009,Makanan,1,61,0,2500.0,300.0,9,1,8000000
2025-04-09,SKU-009,Makanan,2,59,0,2500.0,300.0,9,1,8000000
2025-04-10,SKU-009,Makanan,2,57,0,2500.0,300.0,9,1,8000000
2025-04-11,SKU-009,Makanan,3,54,0,2500.0,300.0,9,1,8000000
2025-04-12,SKU-009,Makanan,4,50,0,2500.0,300.0,9,1,8000000
2025-04-13,SKU-009,Makanan,3,47,0,2500.0,300.0,9,1,8000000
2025-04-14,SKU-009,Makanan,1,46,0,2500.0,300.0,9,1,8000000
2025-04-15,SKU-009,Makanan,0,46,0,2500.0,300.0,9,1,8000000
2025-04-16,SKU-009,Makanan,0,46,0,2500.0,300.0,9,1,8000000
2025-04-17,SKU-009,Makanan,2,44,0,2500.0,300.0,9,1,8000000
2025-04-18,SKU-009,Makanan,0,44,0,2500.0,300.0,9,1,8000000
2025-04-19,SKU-009,Makanan,2,42,0,2500.0,300.0,9,1,8000000
2025-04-20,SKU-009,Makanan,1,41,0,2500.0,300.0,9,1,8000000
2025-04-21,SKU-009,Makanan,1,40,0,2500.0,300.0,9,1,8000000
2025-04-22,SKU-009,Makanan,4,36,0,2500.0,300.0,9,1,8000000
2025-04-23,SKU-009,Makanan,0,64,0,2500.0,300.0,9,1,8000000
2025-04-24,SKU-009,Makanan,2,62,0,2500.0,300.0,9,1,8000000
2025-04-25,SKU-009,Makanan,3,59,0,2500.0,300.0,9,1,8000000
2025-04-26,SKU-009,Makanan,4,55,0,2500.0,300.0,9,1,8000000
2025-04-27,SKU-009,Makanan,1,54,0,2500.0,300.0,9,1,8000000
2025-04-28,SKU-009,Makanan,3,51,0,2500.0,300.0,9,1,8000000
2025-04-29,SKU-009,Makanan,3,48,0,2500.0,300.0,9,1,8000000
2025-04-30,SKU-009,Makanan,1,47,0,2500.0,300.0,9,1,8000000
2025-05-01,SKU-009,Makanan,2,45,0,2500.0,300.0,9,1,8000000
2025-05-02,SKU-009,Makanan,1,44,0,2500.0,300.0,9,1,8000000
2025-05-03,SKU-009,Makanan,3,41,0,2500.0,300.0,9,1,8000000
2025-05-04,SKU-009,Makanan,3,38,0,2500.0,300.0,9,1,8000000
2025-05-05,SKU-009,Makanan,3,35,0,2500.0,300.0,9,1,8000000
2025-05-06,SKU-009,Makanan,0,35,0,2500.0,300.0,9,1,8000000
2025-05-07,SKU-009,Makanan,4,31,0,2500.0,300.0,9,1,8000000
2025-05-08,SKU-009,Makanan,1,30,0,2500.0,300.0,9,1,8000000
2025-05-09,SKU-009,Makanan,4,54,0,2500.0,300.0,9,1,8000000
2025-05-10,SKU-009,Makanan,3,51,0,2500.0,300.0,9,1,8000000
2025-05-11,SKU-009,Makanan,2,49,0,2500.0,300.0,9,1,8000000
2025-05-12,SKU-009,Makanan,4,45,0,2500.0,300.0,9,1,8000000
2025-05-13,SKU-009,Makanan,1,44,0,2500.0,300.0,9,1,8000000
2025-05-14,SKU-009,Makanan,1,43,0,2500.0,300.0,9,1,8000000
2025-05-15,SKU-009,Makanan,2,41,0,2500.0,300.0,9,1,8000000
2025-05-16,SKU-009,Makanan,1,40,0,2500.0,300.0,9,1,8000000
2025-05-17,SKU-009,Makanan,5,35,0,2500.0,300.0,9,1,8000000
2025-05-18,SKU-009,Makanan,1,34,0,2500.0,300.0,9,1,8000000
2025-05-19,SKU-009,Makanan,2,32,0,2500.0,300.0,9,1,8000000
2025-05-20,SKU-009,Makanan,2,30,0,2500.0,300.0,9,1,8000000
2025-05-21,SKU-009,Makanan,6,24,0,2500.0,300.0,9,1,8000000
2025-05-22,SKU-009,Makanan,3,21,0,2500.0,300.0,9,1,8000000
2025-05-23,SKU-009,Makanan,4,17,0,2500.0,300.0,9,1,8000000
2025-05-24,SKU-009,Makanan,1,16,0,2500.0,300.0,9,1,8000000
2025-05-25,SKU-009,Makanan,3,41,0,2500.0,300.0,9,1,8000000
2025-05-26,SKU-009,Makanan,1,40,0,2500.0,300.0,9,1,8000000
2025-05-27,SKU-009,Makanan,2,38,0,2500.0,300.0,9,1,8000000
2025-05-28,SKU-009,Makanan,1,37,0,2500.0,300.0,9,1,8000000
2025-05-29,SKU-009,Makanan,2,35,0,2500.0,300.0,9,1,8000000
2025-05-30,SKU-009,Makanan,1,34,0,2500.0,300.0,9,1,8000000
2025-05-31,SKU-009,Makanan,4,30,0,2500.0,300.0,9,1,8000000
2025-06-01,SKU-009,Makanan,3,27,0,2500.0,300.0,9,1,8000000
2025-06-02,SKU-009,Makanan,1,26,0,2500.0,300.0,9,1,8000000
2025-06-03,SKU-009,Makanan,1,25,0,2500.0,300.0,9,1,8000000
2025-06-04,SKU-009,Makanan,4,21,0,2500.0,300.0,9,1,8000000
2025-06-05,SKU-009,Makanan,1,20,0,2500.0,300.0,9,1,8000000
2025-06-06,SKU-009,Makanan,1,19,0,2500.0,300.0,9,1,8000000
2025-06-07,SKU-009,Makanan,3,16,0,2500.0,300.0,9,1,8000000
2025-06-08,SKU-009,Makanan,0,16,0,2500.0,300.0,9,1,8000000
2025-06-09,SKU-009,Makanan,1,15,0,2500.0,300.0,9,1,8000000
2025-06-10,SKU-009,Makanan,2,41,0,2500.0,300.0,9,1,8000000
2025-06-11,SKU-009,Makanan,2,39,0,2500.0,300.0,9,1,8000000
2025-06-12,SKU-009,Makanan,2,37,0,2500.0,300.0,9,1,8000000
2025-06-13,SKU-009,Makanan,1,36,0,2500.0,300.0,9,1,8000000
2025-06-14,SKU-009,Makanan,3,33,0,2500.0,300.0,9,1,8000000
2025-06-15,SKU-009,Makanan,3,30,0,2500.0,300.0,9,1,8000000
2025-06-16,SKU-009,Makanan,3,27,0,2500.0,300.0,9,1,8000000
2025-06-17,SKU-009,Makanan,3,24,0,2500.0,300.0,9,1,8000000
2025-06-18,SKU-009,Makanan,2,22,0,2500.0,300.0,9,1,8000000
2025-06-19,SKU-009,Makanan,3,19,0,2500.0,300.0,9,1,8000000
2025-06-20,SKU-009,Makanan,1,18,0,2500.0,300.0,9,1,8000000
2025-06-21,SKU-009,Makanan,4,14,0,2500.0,300.0,9,1,8000000
2025-06-22,SKU-009,Makanan,4,10,0,2500.0,300.0,9,1,8000000
2025-06-23,SKU-009,Makanan,1,9,0,2500.0,300.0,9,1,8000000
2025-06-24,SKU-009,Makanan,3,6,0,2500.0,300.0,9,1,8000000
2025-06-25,SKU-009,Makanan,2,4,0,2500.0,300.0,9,1,8000000
2025-06-26,SKU-009,Makanan,1,31,0,2500.0,300.0,9,1,8000000
2025-06-27,SKU-009,Makanan,2,29,0,2500.0,300.0,9,1,8000000
2025-06-28,SKU-009,Makanan,3,26,0,2500.0,300.0,9,1,8000000
2025-06-29,SKU-009,Makanan,5,21,0,2500.0,300.0,9,1,8000000
2025-06-30,SKU-009,Makanan,2,19,0,2500.0,300.0,9,1,8000000
2025-07-01,SKU-009,Makanan,1,18,0,2500.0,300.0,9,1,8000000
2025-07-02,SKU-009,Makanan,1,17,0,2500.0,300.0,9,1,8000000
2025-07-03,SKU-009,Makanan,3,14,0,2500.0,300.0,9,1,8000000
2025-07-04,SKU-009,Makanan,4,10,0,2500.0,300.0,9,1,8000000
2025-07-05,SKU-009,Makanan,6,4,0,2500.0,300.0,9,1,8000000
2025-07-06,SKU-009,Makanan,2,2,0,2500.0,300.0,9,1,8000000
2025-07-07,SKU-009,Makanan,2,0,0,2500.0,300.0,9,1,8000000
2025-07-08,SKU-009,Makanan,5,0,0,2500.0,300.0,9,1,8000000
2025-07-09,SKU-009,Makanan,3,0,0,2500.0,300.0,9,1,8000000
2025-07-10,SKU-009,Makanan,2,0,0,2500.0,300.0,9,1,8000000
2025-07-11,SKU-009,Makanan,3,0,0,2500.0,300.0,9,1,8000000
2025-07-12,SKU-009,Makanan,1,28,0,2500.0,300.0,9,1,8000000
2025-07-13,SKU-009,Makanan,5,23,0,2500.0,300.0,9,1,8000000
2025-07-14,SKU-009,Makanan,4,19,0,2500.0,300.0,9,1,8000000
2025-07-15,SKU-009,Makanan,0,19,0,2500.0,300.0,9,1,8000000
2025-07-16,SKU-009,Makanan,4,15,0,2500.0,300.0,9,1,8000000
2025-07-17,SKU-009,Makanan,0,15,0,2500.0,300.0,9,1,8000000
2025-07-18,SKU-009,Makanan,1,14,0,2500.0,300.0,9,1,8000000
2025-07-19,SKU-009,Makanan,3,11,0,2500.0,300.0,9,1,8000000
2025-07-20,SKU-009,Makanan,2,9,0,2500.0,300.0,9,1,8000000
2025-07-21,SKU-009,Makanan,3,6,0,2500.0,300.0,9,1,8000000
2025-07-22,SKU-009,Makanan,1,5,0,2500.0,300.0,9,1,8000000
2025-07-23,SKU-009,Makanan,1,4,0,2500.0,300.0,9,1,8000000
2025-07-24,SKU-009,Makanan,1,3,0,2500.0,300.0,9,1,8000000
2025-07-25,SKU-009,Makanan,5,0,0,2500.0,300.0,9,1,8000000
2025-07-26,SKU-009,Makanan,3,0,0,2500.0,300.0,9,1,8000000
2025-07-27,SKU-009,Makanan,5,0,0,2500.0,300.0,9,1,8000000
2025-07-28,SKU-009,Makanan,0,28,0,2500.0,300.0,9,1,8000000
2025-07-29,SKU-009,Makanan,2,26,0,2500.0,300.0,9,1,8000000
2025-07-30,SKU-009,Makanan,1,25,0,2500.0,300.0,9,1,8000000
2025-07-31,SKU-009,Makanan,0,25,0,2500.0,300.0,9,1,8000000
2025-08-01,SKU-009,Makanan,1,24,0,2500.0,300.0,9,1,8000000
2025-08-02,SKU-009,Makanan,3,21,0,2500.0,300.0,9,1,8000000
2025-08-03,SKU-009,Makanan,4,17,0,2500.0,300.0,9,1,8000000
2025-08-04,SKU-009,Makanan,1,16,0,2500.0,300.0,9,1,8000000
2025-08-05,SKU-009,Makanan,3,13,0,2500.0,300.0,9,1,8000000
2025-08-06,SKU-009,Makanan,2,11,0,2500.0,300.0,9,1,8000000
2025-08-07,SKU-009,Makanan,3,8,0,2500.0,300.0,9,1,8000000
2025-08-08,SKU-009,Makanan,3,5,0,2500.0,300.0,9,1,8000000
2025-01-01,SKU-010,Minuman,1,80,0,4750.0,736.25,11,6,8000000
2025-01-02,SKU-010,Minuman,3,77,0,4750.0,736.25,11,6,8000000
2025-01-03,SKU-010,Minuman,0,77,0,4750.0,736.25,11,6,8000000
2025-01-04,SKU-010,Minuman,0,77,0,4750.0,736.25,11,6,8000000
2025-01-05,SKU-010,Minuman,3,74,0,4750.0,736.25,11,6,8000000
2025-01-06,SKU-010,Minuman,0,74,0,4750.0,736.25,11,6,8000000
2025-01-07,SKU-010,Minuman,1,73,0,4750.0,736.25,11,6,8000000
2025-01-08,SKU-010,Minuman,3,70,0,4750.0,736.25,11,6,8000000
2025-01-09,SKU-010,Minuman,0,70,0,4750.0,736.25,11,6,8000000
2025-01-10,SKU-010,Minuman,0,70,0,4750.0,736.25,11,6,8000000
2025-01-11,SKU-010,Minuman,0,70,0,4750.0,736.25,11,6,8000000
2025-01-12,SKU-010,Minuman,0,70,0,4750.0,736.25,11,6,8000000
2025-01-13,SKU-010,Minuman,0,70,0,4750.0,736.25,11,6,8000000
2025-01-14,SKU-010,Minuman,0,70,0,4750.0,736.25,11,6,8000000
2025-01-15,SKU-010,Minuman,6,64,0,4750.0,736.25,11,6,8000000
2025-01-16,SKU-010,Minuman,0,64,0,4750.0,736.25,11,6,8000000
2025-01-17,SKU-010,Minuman,0,64,0,4750.0,736.25,11,6,8000000
2025-01-18,SKU-010,Minuman,0,64,0,4750.0,736.25,11,6,8000000
2025-01-19,SKU-010,Minuman,1,105,0,4750.0,736.25,11,6,8000000
2025-01-20,SKU-010,Minuman,0,105,0,4750.0,736.25,11,6,8000000
2025-01-21,SKU-010,Minuman,0,105,0,4750.0,736.25,11,6,8000000
2025-01-22,SKU-010,Minuman,0,105,0,4750.0,736.25,11,6,8000000
2025-01-23,SKU-010,Minuman,0,105,0,4750.0,736.25,11,6,8000000
2025-01-24,SKU-010,Minuman,1,104,0,4750.0,736.25,11,6,8000000
2025-01-25,SKU-010,Minuman,6,98,0,4750.0,736.25,11,6,8000000
2025-01-26,SKU-010,Minuman,0,98,0,4750.0,736.25,11,6,8000000
2025-01-27,SKU-010,Minuman,3,95,0,4750.0,736.25,11,6,8000000
2025-01-28,SKU-010,Minuman,0,95,0,4750.0,736.25,11,6,8000000
2025-01-29,SKU-010,Minuman,0,95,0,4750.0,736.25,11,6,8000000
2025-01-30,SKU-010,Minuman,0,95,0,4750.0,736.25,11,6,8000000
2025-01-31,SKU-010,Minuman,1,94,0,4750.0,736.25,11,6,8000000
2025-02-01,SKU-010,Minuman,1,93,0,4750.0,736.25,11,6,8000000
2025-02-02,SKU-010,Minuman,1,92,0,4750.0,736.25,11,6,8000000
2025-02-03,SKU-010,Minuman,2,90,0,4750.0,736.25,11,6,8000000
2025-02-04,SKU-010,Minuman,0,90,0,4750.0,736.25,11,6,8000000
2025-02-05,SKU-010,Minuman,1,89,0,4750.0,736.25,11,6,8000000
2025-02-06,SKU-010,Minuman,0,131,0,4750.0,736.25,11,6,8000000
2025-02-07,SKU-010,Minuman,0,131,0,4750.0,736.25,11,6,8000000
2025-02-08,SKU-010,Minuman,0,131,0,4750.0,736.25,11,6,8000000
2025-02-09,SKU-010,Minuman,0,131,0,4750.0,736.25,11,6,8000000
2025-02-10,SKU-010,Minuman,0,131,0,4750.0,736.25,11,6,8000000
2025-02-11,SKU-010,Minuman,0,131,0,4750.0,736.25,11,6,8000000
2025-02-12,SKU-010,Minuman,0,131,0,4750.0,736.25,11,6,8000000
2025-02-13,SKU-010,Minuman,3,128,0,4750.0,736.25,11,6,8000000
2025-02-14,SKU-010,Minuman,0,128,0,4750.0,736.25,11,6,8000000
2025-02-15,SKU-010,Minuman,4,124,0,4750.0,736.25,11,6,8000000
2025-02-16,SKU-010,Minuman,0,124,0,4750.0,736.25,11,6,8000000
2025-02-17,SKU-010,Minuman,0,124,0,4750.0,736.25,11,6,8000000
2025-02-18,SKU-010,Minuman,2,122,0,4750.0,736.25,11,6,8000000
2025-02-19,SKU-010,Minuman,4,118,0,4750.0,736.25,11,6,8000000
2025-02-20,SKU-010,Minuman,0,118,0,4750.0,736.25,11,6,8000000
2025-02-21,SKU-010,Minuman,0,118,0,4750.0,736.25,11,6,8000000
2025-02-22,SKU-010,Minuman,3,115,0,4750.0,736.25,11,6,8000000
2025-02-23,SKU-010,Minuman,0,115,0,4750.0,736.25,11,6,8000000
2025-02-24,SKU-010,Minuman,0,157,0,4750.0,736.25,11,6,8000000
2025-02-25,SKU-010,Minuman,3,154,0,4750.0,736.25,11,6,8000000
2025-02-26,SKU-010,Minuman,0,154,0,4750.0,736.25,11,6,8000000
2025-02-27,SKU-010,Minuman,0,154,0,4750.0,736.25,11,6,8000000
2025-02-28,SKU-010,Minuman,3,151,0,4750.0,736.25,11,6,8000000
2025-03-01,SKU-010,Minuman,1,150,0,4750.0,736.25,11,6,8000000
2025-03-02,SKU-010,Minuman,0,150,0,4750.0,736.25,11,6,8000000
2025-03-03,SKU-010,Minuman,3,147,0,4750.0,736.25,11,6,8000000
2025-03-04,SKU-010,Minuman,0,147,0,4750.0,736.25,11,6,8000000
2025-03-05,SKU-010,Minuman,0,147,0,4750.0,736.25,11,6,8000000
2025-03-06,SKU-010,Minuman,2,145,0,4750.0,736.25,11,6,8000000
2025-03-07,SKU-010,Minuman,2,143,0,4750.0,736.25,11,6,8000000
2025-03-08,SKU-010,Minuman,0,143,0,4750.0,736.25,11,6,8000000
2025-03-09,SKU-010,Minuman,2,141,0,4750.0,736.25,11,6,8000000
2025-03-10,SKU-010,Minuman,0,141,0,4750.0,736.25,11,6,8000000
2025-03-11,SKU-010,Minuman,2,139,0,4750.0,736.25,11,6,8000000
2025-03-12,SKU-010,Minuman,0,139,0,4750.0,736.25,11,6,8000000
2025-03-13,SKU-010,Minuman,0,139,0,4750.0,736.25,11,6,8000000
2025-03-14,SKU-010,Minuman,0,181,0,4750.0,736.25,11,6,8000000
2025-03-15,SKU-010,Minuman,0,181,0,4750.0,736.25,11,6,8000000
2025-03-16,SKU-010,Minuman,0,181,0,4750.0,736.25,11,6,8000000
2025-03-17,SKU-010,Minuman,2,179,0,4750.0,736.25,11,6,8000000
2025-03-18,SKU-010,Minuman,0,179,0,4750.0,736.25,11,6,8000000
2025-03-19,SKU-010,Minuman,6,173,0,4750.0,736.25,11,6,8000000
2025-03-20,SKU-010,Minuman,0,173,0,4750.0,736.25,11,6,8000000
2025-03-21,SKU-010,Minuman,0,173,0,4750.0,736.25,11,6,8000000
2025-03-22,SKU-010,Minuman,3,170,0,4750.0,736.25,11,6,8000000
2025-03-23,SKU-010,Minuman,1,169,0,4750.0,736.25,11,6,8000000
2025-03-24,SKU-010,Minuman,4,165,0,4750.0,736.25,11,6,8000000
2025-03-25,SKU-010,Minuman,0,165,0,4750.0,736.25,11,6,8000000
2025-03-26,SKU-010,Minuman,0,165,0,4750.0,736.25,11,6,8000000
2025-03-27,SKU-010,Minuman,2,163,0,4750.0,736.25,11,6,8000000
2025-03-28,SKU-010,Minuman,0,163,0,4750.0,736.25,11,6,8000000
2025-03-29,SKU-010,Minuman,4,159,0,4750.0,736.25,11,6,8000000
2025-03-30,SKU-010,Minuman,2,157,0,4750.0,736.25,11,6,8000000
2025-03-31,SKU-010,Minuman,0,157,0,4750.0,736.25,11,6,8000000
2025-04-01,SKU-010,Minuman,0,199,0,4750.0,736.25,11,6,8000000
2025-04-02,SKU-010,Minuman,0,199,0,4750.0,736.25,11,6,8000000
2025-04-03,SKU-010,Minuman,0,199,0,4750.0,736.25,11,6,8000000
2025-04-04,SKU-010,Minuman,2,197,0,4750.0,736.25,11,6,8000000
2025-04-05,SKU-010,Minuman,3,194,0,4750.0,736.25,11,6,8000000
2025-04-06,SKU-010,Minuman,5,189,0,4750.0,736.25,11,6,8000000
2025-04-07,SKU-010,Minuman,5,184,0,4750.0,736.25,11,6,8000000
2025-04-08,SKU-010,Minuman,0,184,0,4750.0,736.25,11,6,8000000
2025-04-09,SKU-010,Minuman,1,183,0,4750.0,736.25,11,6,8000000
2025-04-10,SKU-010,Minuman,5,178,0,4750.0,736.25,11,6,8000000
2025-04-11,SKU-010,Minuman,0,178,0,4750.0,736.25,11,6,8000000
2025-04-12,SKU-010,Minuman,0,178,0,4750.0,736.25,11,6,8000000
2025-04-13,SKU-010,Minuman,3,175,0,4750.0,736.25,11,6,8000000
2025-04-14,SKU-010,Minuman,0,175,0,4750.0,736.25,11,6,8000000
2025-04-15,SKU-010,Minuman,0,175,0,4750.0,736.25,11,6,8000000
2025-04-16,SKU-010,Minuman,0,175,0,4750.0,736.25,11,6,8000000
2025-04-17,SKU-010,Minuman,0,175,0,4750.0,736.25,11,6,8000000
2025-04-18,SKU-010,Minuman,0,175,0,4750.0,736.25,11,6,8000000
2025-04-19,SKU-010,Minuman,0,217,0,4750.0,736.25,11,6,8000000
2025-04-20,SKU-010,Minuman,0,217,0,4750.0,736.25,11,6,8000000
2025-04-21,SKU-010,Minuman,0,217,0,4750.0,736.25,11,6,8000000
2025-04-22,SKU-010,Minuman,0,217,0,4750.0,736.25,11,6,8000000
2025-04-23,SKU-010,Minuman,0,217,0,4750.0,736.25,11,6,8000000
2025-04-24,SKU-010,Minuman,2,215,0,4750.0,736.25,11,6,8000000
2025-04-25,SKU-010,Minuman,0,215,0,4750.0,736.25,11,6,8000000
2025-04-26,SKU-010,Minuman,0,215,0,4750.0,736.25,11,6,8000000
2025-04-27,SKU-010,Minuman,0,215,0,4750.0,736.25,11,6,8000000
2025-04-28,SKU-010,Minuman,0,215,0,4750.0,736.25,11,6,8000000
2025-04-29,SKU-010,Minuman,0,215,0,4750.0,736.25,11,6,8000000
2025-04-30,SKU-010,Minuman,2,213,0,4750.0,736.25,11,6,8000000
2025-05-01,SKU-010,Minuman,0,213,0,4750.0,736.25,11,6,8000000
2025-05-02,SKU-010,Minuman,0,213,0,4750.0,736.25,11,6,8000000
2025-05-03,SKU-010,Minuman,2,211,0,4750.0,736.25,11,6,8000000
2025-05-04,SKU-010,Minuman,0,211,0,4750.0,736.25,11,6,8000000
2025-05-05,SKU-010,Minuman,2,209,0,4750.0,736.25,11,6,8000000
2025-05-06,SKU-010,Minuman,0,209,0,4750.0,736.25,11,6,8000000
2025-05-07,SKU-010,Minuman,0,251,0,4750.0,736.25,11,6,8000000
2025-05-08,SKU-010,Minuman,0,251,0,4750.0,736.25,11,6,8000000
2025-05-09,SKU-010,Minuman,3,248,0,4750.0,736.25,11,6,8000000
2025-05-10,SKU-010,Minuman,0,248,0,4750.0,736.25,11,6,8000000
2025-05-11,SKU-010,Minuman,0,248,0,4750.0,736.25,11,6,8000000
2025-05-12,SKU-010,Minuman,0,248,0,4750.0,736.25,11,6,8000000
2025-05-13,SKU-010,Minuman,0,248,0,4750.0,736.25,11,6,8000000
2025-05-14,SKU-010,Minuman,0,248,0,4750.0,736.25,11,6,8000000
2025-05-15,SKU-010,Minuman,0,248,0,4750.0,736.25,11,6,8000000
2025-05-16,SKU-010,Minuman,0,248,0,4750.0,736.25,11,6,8000000
2025-05-17,SKU-010,Minuman,3,245,0,4750.0,736.25,11,6,8000000
2025-05-18,SKU-010,Minuman,3,242,0,4750.0,736.25,11,6,8000000
2025-05-19,SKU-010,Minuman,6,236,0,4750.0,736.25,11,6,8000000
2025-05-20,SKU-010,Minuman,1,235,0,4750.0,736.25,11,6,8000000
2025-05-21,SKU-010,Minuman,5,230,0,4750.0,736.25,11,6,8000000
2025-05-22,SKU-010,Minuman,0,230,0,4750.0,736.25,11,6,8000000
2025-05-23,SKU-010,Minuman,0,230,0,4750.0,736.25,11,6,8000000
2025-05-24,SKU-010,Minuman,0,230,0,4750.0,736.25,11,6,8000000
2025-05-25,SKU-010,Minuman,0,272,0,4750.0,736.25,11,6,8000000
2025-05-26,SKU-010,Minuman,0,272,0,4750.0,736.25,11,6,8000000
2025-05-27,SKU-010,Minuman,0,272,0,4750.0,736.25,11,6,8000000
2025-05-28,SKU-010,Minuman,2,270,0,4750.0,736.25,11,6,8000000
2025-05-29,SKU-010,Minuman,0,270,0,4750.0,736.25,11,6,8000000
2025-05-30,SKU-010,Minuman,1,269,0,4750.0,736.25,11,6,8000000
2025-05-31,SKU-010,Minuman,0,269,0,4750.0,736.25,11,6,8000000
2025-06-01,SKU-010,Minuman,7,262,0,4750.0,736.25,11,6,8000000
2025-06-02,SKU-010,Minuman,0,262,0,4750.0,736.25,11,6,8000000
2025-06-03,SKU-010,Minuman,3,259,0,4750.0,736.25,11,6,8000000
2025-06-04,SKU-010,Minuman,2,257,0,4750.0,736.25,11,6,8000000
2025-06-05,SKU-010,Minuman,0,257,0,4750.0,736.25,11,6,8000000
2025-06-06,SKU-010,Minuman,0,257,0,4750.0,736.25,11,6,8000000
2025-06-07,SKU-010,Minuman,0,257,0,4750.0,736.25,11,6,8000000
2025-06-08,SKU-010,Minuman,2,255,0,4750.0,736.25,11,6,8000000
2025-06-09,SKU-010,Minuman,0,255,0,4750.0,736.25,11,6,8000000
2025-06-10,SKU-010,Minuman,0,255,0,4750.0,736.25,11,6,8000000
2025-06-11,SKU-010,Minuman,0,255,0,4750.0,736.25,11,6,8000000
2025-06-12,SKU-010,Minuman,1,296,0,4750.0,736.25,11,6,8000000
2025-06-13,SKU-010,Minuman,4,292,0,4750.0,736.25,11,6,8000000
2025-06-14,SKU-010,Minuman,1,291,0,4750.0,736.25,11,6,8000000
2025-06-15,SKU-010,Minuman,1,290,0,4750.0,736.25,11,6,8000000
2025-06-16,SKU-010,Minuman,0,290,0,4750.0,736.25,11,6,8000000
2025-06-17,SKU-010,Minuman,2,288,0,4750.0,736.25,11,6,8000000
2025-06-18,SKU-010,Minuman,3,285,0,4750.0,736.25,11,6,8000000
2025-06-19,SKU-010,Minuman,3,282,0,4750.0,736.25,11,6,8000000
2025-06-20,SKU-010,Minuman,0,282,0,4750.0,736.25,11,6,8000000
2025-06-21,SKU-010,Minuman,1,281,0,4750.0,736.25,11,6,8000000
2025-06-22,SKU-010,Minuman,0,281,0,4750.0,736.25,11,6,8000000
2025-06-23,SKU-010,Minuman,0,281,0,4750.0,736.25,11,6,8000000
2025-06-24,SKU-010,Minuman,2,279,0,4750.0,736.25,11,6,8000000
2025-06-25,SKU-010,Minuman,1,278,0,4750.0,736.25,11,6,8000000
2025-06-26,SKU-010,Minuman,0,278,0,4750.0,736.25,11,6,8000000
2025-06-27,SKU-010,Minuman,0,278,0,4750.0,736.25,11,6,8000000
2025-06-28,SKU-010,Minuman,6,272,0,4750.0,736.25,11,6,8000000
2025-06-29,SKU-010,Minuman,7,265,0,4750.0,736.25,11,6,8000000
2025-06-30,SKU-010,Minuman,0,307,0,4750.0,736.25,11,6,8000000
2025-07-01,SKU-010,Minuman,0,307,0,4750.0,736.25,11,6,8000000
2025-07-02,SKU-010,Minuman,2,305,0,4750.0,736.25,11,6,8000000
2025-07-03,SKU-010,Minuman,0,305,0,4750.0,736.25,11,6,8000000
2025-07-04,SKU-010,Minuman,0,305,0,4750.0,736.25,11,6,8000000
2025-07-05,SKU-010,Minuman,1,304,0,4750.0,736.25,11,6,8000000
2025-07-06,SKU-010,Minuman,0,304,0,4750.0,736.25,11,6,8000000
2025-07-07,SKU-010,Minuman,0,304,0,4750.0,736.25,11,6,8000000
2025-07-08,SKU-010,Minuman,0,304,0,4750.0,736.25,11,6,8000000
2025-07-09,SKU-010,Minuman,4,300,0,4750.0,736.25,11,6,8000000
2025-07-10,SKU-010,Minuman,0,300,0,4750.0,736.25,11,6,8000000
2025-07-11,SKU-010,Minuman,0,300,0,4750.0,736.25,11,6,8000000
2025-07-12,SKU-010,Minuman,0,300,0,4750.0,736.25,11,6,8000000
2025-07-13,SKU-010,Minuman,4,296,0,4750.0,736.25,11,6,8000000
2025-07-14,SKU-010,Minuman,0,296,0,4750.0,736.25,11,6,8000000
2025-07-15,SKU-010,Minuman,0,296,0,4750.0,736.25,11,6,8000000
2025-07-16,SKU-010,Minuman,0,296,0,4750.0,736.25,11,6,8000000
2025-07-17,SKU-010,Minuman,0,296,0,4750.0,736.25,11,6,8000000
2025-07-18,SKU-010,Minuman,2,336,0,4750.0,736.25,11,6,8000000
2025-07-19,SKU-010,Minuman,2,334,0,4750.0,736.25,11,6,8000000
2025-07-20,SKU-010,Minuman,0,334,0,4750.0,736.25,11,6,8000000
2025-07-21,SKU-010,Minuman,0,334,0,4750.0,736.25,11,6,8000000
2025-07-22,SKU-010,Minuman,0,334,0,4750.0,736.25,11,6,8000000
2025-07-23,SKU-010,Minuman,2,332,0,4750.0,736.25,11,6,8000000
2025-07-24,SKU-010,Minuman,0,332,0,4750.0,736.25,11,6,8000000
2025-07-25,SKU-010,Minuman,0,332,0,4750.0,736.25,11,6,8000000
2025-07-26,SKU-010,Minuman,0,332,0,4750.0,736.25,11,6,8000000
2025-07-27,SKU-010,Minuman,4,328,0,4750.0,736.25,11,6,8000000
2025-07-28,SKU-010,Minuman,0,328,0,4750.0,736.25,11,6,8000000
2025-07-29,SKU-010,Minuman,0,328,0,4750.0,736.25,11,6,8000000
2025-07-30,SKU-010,Minuman,1,327,0,4750.0,736.25,11,6,8000000
2025-07-31,SKU-010,Minuman,0,327,0,4750.0,736.25,11,6,8000000
2025-08-01,SKU-010,Minuman,0,327,0,4750.0,736.25,11,6,8000000
2025-08-02,SKU-010,Minuman,3,324,0,4750.0,736.25,11,6,8000000
2025-08-03,SKU-010,Minuman,0,324,0,4750.0,736.25,11,6,8000000
2025-08-04,SKU-010,Minuman,0,324,0,4750.0,736.25,11,6,8000000
2025-08-05,SKU-010,Minuman,0,366,0,4750.0,736.25,11,6,8000000
2025-08-06,SKU-010,Minuman,1,365,0,4750.0,736.25,11,6,8000000
2025-08-07,SKU-010,Minuman,1,364,0,4750.0,736.25,11,6,8000000
2025-08-08,SKU-010,Minuman,6,358,0,4750.0,736.25,11,6,8000000
2025-01-01,SKU-011,Kebutuhan Rumah,4,90,0,7000.0,1330.0,3,12,8000000
2025-01-02,SKU-011,Kebutuhan Rumah,2,88,0,7000.0,1330.0,3,12,8000000
2025-01-03,SKU-011,Kebutuhan Rumah,3,85,0,7000.0,1330.0,3,12,8000000
2025-01-04,SKU-011,Kebutuhan Rumah,5,80,0,7000.0,1330.0,3,12,8000000
2025-01-05,SKU-011,Kebutuhan Rumah,1,79,0,7000.0,1330.0,3,12,8000000
2025-01-06,SKU-011,Kebutuhan Rumah,1,78,0,7000.0,1330.0,3,12,8000000
2025-01-07,SKU-011,Kebutuhan Rumah,3,75,0,7000.0,1330.0,3,12,8000000
2025-01-08,SKU-011,Kebutuhan Rumah,2,73,0,7000.0,1330.0,3,12,8000000
2025-01-09,SKU-011,Kebutuhan Rumah,0,73,0,7000.0,1330.0,3,12,8000000
2025-01-10,SKU-011,Kebutuhan Rumah,1,72,0,7000.0,1330.0,3,12,8000000
2025-01-11,SKU-011,Kebutuhan Rumah,3,117,0,7000.0,1330.0,3,12,8000000
2025-01-12,SKU-011,Kebutuhan Rumah,6,111,0,7000.0,1330.0,3,12,8000000
2025-01-13,SKU-011,Kebutuhan Rumah,5,106,0,7000.0,1330.0,3,12,8000000
2025-01-14,SKU-011,Kebutuhan Rumah,3,103,0,7000.0,1330.0,3,12,8000000
2025-01-15,SKU-011,Kebutuhan Rumah,3,100,0,7000.0,1330.0,3,12,8000000
2025-01-16,SKU-011,Kebutuhan Rumah,2,98,0,7000.0,1330.0,3,12,8000000
2025-01-17,SKU-011,Kebutuhan Rumah,2,96,0,7000.0,1330.0,3,12,8000000
2025-01-18,SKU-011,Kebutuhan Rumah,3,93,0,7000.0,1330.0,3,12,8000000
2025-01-19,SKU-011,Kebutuhan Rumah,3,90,0,7000.0,1330.0,3,12,8000000
2025-01-20,SKU-011,Kebutuhan Rumah,5,85,0,7000.0,1330.0,3,12,8000000
2025-01-21,SKU-011,Kebutuhan Rumah,2,131,0,7000.0,1330.0,3,12,8000000
2025-01-22,SKU-011,Kebutuhan Rumah,0,131,0,7000.0,1330.0,3,12,8000000
2025-01-23,SKU-011,Kebutuhan Rumah,4,127,0,7000.0,1330.0,3,12,8000000
2025-01-24,SKU-011,Kebutuhan Rumah,4,123,0,7000.0,1330.0,3,12,8000000
2025-01-25,SKU-011,Kebutuhan Rumah,3,120,0,7000.0,1330.0,3,12,8000000
2025-01-26,SKU-011,Kebutuhan Rumah,1,119,0,7000.0,1330.0,3,12,8000000
2025-01-27,SKU-011,Kebutuhan Rumah,4,115,0,7000.0,1330.0,3,12,8000000
2025-01-28,SKU-011,Kebutuhan Rumah,4,111,0,7000.0,1330.0,3,12,8000000
2025-01-29,SKU-011,Kebutuhan Rumah,2,109,0,7000.0,1330.0,3,12,8000000
2025-01-30,SKU-011,Kebutuhan Rumah,2,107,0,7000.0,1330.0,3,12,8000000
2025-01-31,SKU-011,Kebutuhan Rumah,3,152,0,7000.0,1330.0,3,12,8000000
2025-02-01,SKU-011,Kebutuhan Rumah,2,150,0,7000.0,1330.0,3,12,8000000
2025-02-02,SKU-011,Kebutuhan Rumah,3,147,0,7000.0,1330.0,3,12,8000000
2025-02-03,SKU-011,Kebutuhan Rumah,2,145,0,7000.0,1330.0,3,12,8000000
2025-02-04,SKU-011,Kebutuhan Rumah,1,144,0,7000.0,1330.0,3,12,8000000
2025-02-05,SKU-011,Kebutuhan Rumah,1,143,0,7000.0,1330.0,3,12,8000000
2025-02-06,SKU-011,Kebutuhan Rumah,2,141,0,7000.0,1330.0,3,12,8000000
2025-02-07,SKU-011,Kebutuhan Rumah,2,139,0,7000.0,1330.0,3,12,8000000
2025-02-08,SKU-011,Kebutuhan Rumah,5,134,0,7000.0,1330.0,3,12,8000000
2025-02-09,SKU-011,Kebutuhan Rumah,0,134,0,7000.0,1330.0,3,12,8000000
2025-02-10,SKU-011,Kebutuhan Rumah,0,182,0,7000.0,1330.0,3,12,8000000
2025-02-11,SKU-011,Kebutuhan Rumah,4,178,0,7000.0,1330.0,3,12,8000000
2025-02-12,SKU-011,Kebutuhan Rumah,2,176,0,7000.0,1330.0,3,12,8000000
2025-02-13,SKU-011,Kebutuhan Rumah,4,172,0,7000.0,1330.0,3,12,8000000
2025-02-14,SKU-011,Kebutuhan Rumah,6,166,0,7000.0,1330.0,3,12,8000000
2025-02-15,SKU-011,Kebutuhan Rumah,6,160,0,7000.0,1330.0,3,12,8000000
2025-02-16,SKU-011,Kebutuhan Rumah,0,160,0,7000.0,1330.0,3,12,8000000
2025-02-17,SKU-011,Kebutuhan Rumah,3,157,0,7000.0,1330.0,3,12,8000000
2025-02-18,SKU-011,Kebutuhan Rumah,4,153,0,7000.0,1330.0,3,12,8000000
2025-02-19,SKU-011,Kebutuhan Rumah,6,147,0,7000.0,1330.0,3,12,8000000
2025-02-20,SKU-011,Kebutuhan Rumah,3,192,0,7000.0,1330.0,3,12,8000000
2025-02-21,SKU-011,Kebutuhan Rumah,3,189,0,7000.0,1330.0,3,12,8000000
2025-02-22,SKU-011,Kebutuhan Rumah,2,187,0,7000.0,1330.0,3,12,8000000
2025-02-23,SKU-011,Kebutuhan Rumah,10,177,0,7000.0,1330.0,3,12,8000000
2025-02-24,SKU-011,Kebutuhan Rumah,3,174,0,7000.0,1330.0,3,12,8000000
2025-02-25,SKU-011,Kebutuhan Rumah,2,172,0,7000.0,1330.0,3,12,8000000
2025-02-26,SKU-011,Kebutuhan Rumah,1,171,0,7000.0,1330.0,3,12,8000000
2025-02-27,SKU-011,Kebutuhan Rumah,5,166,0,7000.0,1330.0,3,12,8000000
2025-02-28,SKU-011,Kebutuhan Rumah,6,160,0,7000.0,1330.0,3,12,8000000
2025-03-01,SKU-011,Kebutuhan Rumah,3,157,0,7000.0,1330.0,3,12,8000000
2025-03-02,SKU-011,Kebutuhan Rumah,4,201,0,7000.0,1330.0,3,12,8000000
2025-03-03,SKU-011,Kebutuhan Rumah,3,198,0,7000.0,1330.0,3,12,8000000
2025-03-04,SKU-011,Kebutuhan Rumah,2,196,0,7000.0,1330.0,3,12,8000000
2025-03-05,SKU-011,Kebutuhan Rumah,5,191,0,7000.0,1330.0,3,12,8000000
2025-03-06,SKU-011,Kebutuhan Rumah,3,188,0,7000.0,1330.0,3,12,8000000
2025-03-07,SKU-011,Kebutuhan Rumah,5,183,0,7000.0,1330.0,3,12,8000000
2025-03-08,SKU-011,Kebutuhan Rumah,3,180,0,7000.0,1330.0,3,12,8000000
2025-03-09,SKU-011,Kebutuhan Rumah,1,179,0,7000.0,1330.0,3,12,8000000
2025-03-10,SKU-011,Kebutuhan Rumah,2,177,0,7000.0,1330.0,3,12,8000000
2025-03-11,SKU-011,Kebutuhan Rumah,1,176,0,7000.0,1330.0,3,12,8000000
2025-03-12,SKU-011,Kebutuhan Rumah,5,219,0,7000.0,1330.0,3,12,8000000
2025-03-13,SKU-011,Kebutuhan Rumah,3,216,0,7000.0,1330.0,3,12,8000000
2025-03-14,SKU-011,Kebutuhan Rumah,2,214,0,7000.0,1330.0,3,12,8000000
2025-03-15,SKU-011,Kebutuhan Rumah,2,212,0,7000.0,1330.0,3,12,8000000
2025-03-16,SKU-011,Kebutuhan Rumah,6,206,0,7000.0,1330.0,3,12,8000000
2025-03-17,SKU-011,Kebutuhan Rumah,2,204,0,7000.0,1330.0,3,12,8000000
2025-03-18,SKU-011,Kebutuhan Rumah,4,200,0,7000.0,1330.0,3,12,8000000
2025-03-19,SKU-011,Kebutuhan Rumah,4,196,0,7000.0,1330.0,3,12,8000000
2025-03-20,SKU-011,Kebutuhan Rumah,5,191,0,7000.0,1330.0,3,12,8000000
2025-03-21,SKU-011,Kebutuhan Rumah,4,187,0,7000.0,1330.0,3,12,8000000
2025-03-22,SKU-011,Kebutuhan Rumah,3,232,0,7000.0,1330.0,3,12,8000000
2025-03-23,SKU-011,Kebutuhan Rumah,5,227,0,7000.0,1330.0,3,12,8000000
2025-03-24,SKU-011,Kebutuhan Rumah,0,227,0,7000.0,1330.0,3,12,8000000
2025-03-25,SKU-011,Kebutuhan Rumah,0,227,0,7000.0,1330.0,3,12,8000000
2025-03-26,SKU-011,Kebutuhan Rumah,3,224,0,7000.0,1330.0,3,12,8000000
2025-03-27,SKU-011,Kebutuhan Rumah,1,223,0,7000.0,1330.0,3,12,8000000
2025-03-28,SKU-011,Kebutuhan Rumah,0,223,0,7000.0,1330.0,3,12,8000000
2025-03-29,SKU-011,Kebutuhan Rumah,3,220,0,7000.0,1330.0,3,12,8000000
2025-03-30,SKU-011,Kebutuhan Rumah,3,217,0,7000.0,1330.0,3,12,8000000
2025-03-31,SKU-011,Kebutuhan Rumah,5,212,0,7000.0,1330.0,3,12,8000000
2025-04-01,SKU-011,Kebutuhan Rumah,3,257,0,7000.0,1330.0,3,12,8000000
2025-04-02,SKU-011,Kebutuhan Rumah,2,255,0,7000.0,1330.0,3,12,8000000
2025-04-03,SKU-011,Kebutuhan Rumah,2,253,0,7000.0,1330.0,3,12,8000000
2025-04-04,SKU-011,Kebutuhan Rumah,1,252,0,7000.0,1330.0,3,12,8000000
2025-04-05,SKU-011,Kebutuhan Rumah,4,248,0,7000.0,1330.0,3,12,8000000
2025-04-06,SKU-011,Kebutuhan Rumah,8,240,0,7000.0,1330.0,3,12,8000000
2025-04-07,SKU-011,Kebutuhan Rumah,8,232,0,7000.0,1330.0,3,12,8000000
2025-04-08,SKU-011,Kebutuhan Rumah,4,228,0,7000.0,1330.0,3,12,8000000
2025-04-09,SKU-011,Kebutuhan Rumah,3,225,0,7000.0,1330.0,3,12,8000000
2025-04-10,SKU-011,Kebutuhan Rumah,0,225,0,7000.0,1330.0,3,12,8000000
2025-04-11,SKU-011,Kebutuhan Rumah,2,271,0,7000.0,1330.0,3,12,8000000
2025-04-12,SKU-011,Kebutuhan Rumah,5,266,0,7000.0,1330.0,3,12,8000000
2025-04-13,SKU-011,Kebutuhan Rumah,5,261,0,7000.0,1330.0,3,12,8000000
2025-04-14,SKU-011,Kebutuhan Rumah,1,260,0,7000.0,1330.0,3,12,8000000
2025-04-15,SKU-011,Kebutuhan Rumah,1,259,0,7000.0,1330.0,3,12,8000000
2025-04-16,SKU-011,Kebutuhan Rumah,1,258,0,7000.0,1330.0,3,12,8000000
2025-04-17,SKU-011,Kebutuhan Rumah,3,255,0,7000.0,1330.0,3,12,8000000
2025-04-18,SKU-011,Kebutuhan Rumah,3,252,0,7000.0,1330.0,3,12,8000000
2025-04-19,SKU-011,Kebutuhan Rumah,4,248,0,7000.0,1330.0,3,12,8000000
2025-04-20,SKU-011,Kebutuhan Rumah,4,244,0,7000.0,1330.0,3,12,8000000
2025-04-21,SKU-011,Kebutuhan Rumah,7,285,0,7000.0,1330.0,3,12,8000000
2025-04-22,SKU-011,Kebutuhan Rumah,6,279,0,7000.0,1330.0,3,12,8000000
2025-04-23,SKU-011,Kebutuhan Rumah,3,276,0,7000.0,1330.0,3,12,8000000
2025-04-24,SKU-011,Kebutuhan Rumah,3,273,0,7000.0,1330.0,3,12,8000000
2025-04-25,SKU-011,Kebutuhan Rumah,1,272,0,7000.0,1330.0,3,12,8000000
2025-04-26,SKU-011,Kebutuhan Rumah,5,267,0,7000.0,1330.0,3,12,8000000
2025-04-27,SKU-011,Kebutuhan Rumah,4,263,0,7000.0,1330.0,3,12,8000000
2025-04-28,SKU-011,Kebutuhan Rumah,5,258,0,7000.0,1330.0,3,12,8000000
2025-04-29,SKU-011,Kebutuhan Rumah,6,252,0,7000.0,1330.0,3,12,8000000
2025-04-30,SKU-011,Kebutuhan Rumah,4,248,0,7000.0,1330.0,3,12,8000000
2025-05-01,SKU-011,Kebutuhan Rumah,0,296,0,7000.0,1330.0,3,12,8000000
2025-05-02,SKU-011,Kebutuhan Rumah,4,292,0,7000.0,1330.0,3,12,8000000
2025-05-03,SKU-011,Kebutuhan Rumah,5,287,0,7000.0,1330.0,3,12,8000000
2025-05-04,SKU-011,Kebutuhan Rumah,7,280,0,7000.0,1330.0,3,12,8000000
2025-05-05,SKU-011,Kebutuhan Rumah,3,277,0,7000.0,1330.0,3,12,8000000
2025-05-06,SKU-011,Kebutuhan Rumah,2,275,0,7000.0,1330.0,3,12,8000000
2025-05-07,SKU-011,Kebutuhan Rumah,5,270,0,7000.0,1330.0,3,12,8000000
2025-05-08,SKU-011,Kebutuhan Rumah,4,266,0,7000.0,1330.0,3,12,8000000
2025-05-09,SKU-011,Kebutuhan Rumah,4,262,0,7000.0,1330.0,3,12,8000000
2025-05-10,SKU-011,Kebutuhan Rumah,4,258,0,7000.0,1330.0,3,12,8000000
2025-05-11,SKU-011,Kebutuhan Rumah,3,303,0,7000.0,1330.0,3,12,8000000
2025-05-12,SKU-011,Kebutuhan Rumah,3,300,0,7000.0,1330.0,3,12,8000000
2025-05-13,SKU-011,Kebutuhan Rumah,3,297,0,7000.0,1330.0,3,12,8000000
2025-05-14,SKU-011,Kebutuhan Rumah,5,292,0,7000.0,1330.0,3,12,8000000
2025-05-15,SKU-011,Kebutuhan Rumah,7,285,0,7000.0,1330.0,3,12,8000000
2025-05-16,SKU-011,Kebutuhan Rumah,3,282,0,7000.0,1330.0,3,12,8000000
2025-05-17,SKU-011,Kebutuhan Rumah,8,274,0,7000.0,1330.0,3,12,8000000
2025-05-18,SKU-011,Kebutuhan Rumah,1,273,0,7000.0,1330.0,3,12,8000000
2025-05-19,SKU-011,Kebutuhan Rumah,3,270,0,7000.0,1330.0,3,12,8000000
2025-05-20,SKU-011,Kebutuhan Rumah,2,268,0,7000.0,1330.0,3,12,8000000
2025-05-21,SKU-011,Kebutuhan Rumah,3,313,0,7000.0,1330.0,3,12,8000000
2025-05-22,SKU-011,Kebutuhan Rumah,4,309,0,7000.0,1330.0,3,12,8000000
2025-05-23,SKU-011,Kebutuhan Rumah,3,306,0,7000.0,1330.0,3,12,8000000
2025-05-24,SKU-011,Kebutuhan Rumah,2,304,0,7000.0,1330.0,3,12,8000000
2025-05-25,SKU-011,Kebutuhan Rumah,7,297,0,7000.0,1330.0,3,12,8000000
2025-05-26,SKU-011,Kebutuhan Rumah,1,296,0,7000.0,1330.0,3,12,8000000
2025-05-27,SKU-011,Kebutuhan Rumah,3,293,0,7000.0,1330.0,3,12,8000000
2025-05-28,SKU-011,Kebutuhan Rumah,3,290,0,7000.0,1330.0,3,12,8000000
2025-05-29,SKU-011,Kebutuhan Rumah,5,285,0,7000.0,1330.0,3,12,8000000
2025-05-30,SKU-011,Kebutuhan Rumah,4,281,0,7000.0,1330.0,3,12,8000000
2025-05-31,SKU-011,Kebutuhan Rumah,1,328,0,7000.0,1330.0,3,12,8000000
2025-06-01,SKU-011,Kebutuhan Rumah,4,324,0,7000.0,1330.0,3,12,8000000
2025-06-02,SKU-011,Kebutuhan Rumah,1,323,0,7000.0,1330.0,3,12,8000000
2025-06-03,SKU-011,Kebutuhan Rumah,4,319,0,7000.0,1330.0,3,12,8000000
2025-06-04,SKU-011,Kebutuhan Rumah,3,316,0,7000.0,1330.0,3,12,8000000
2025-06-05,SKU-011,Kebutuhan Rumah,3,313,0,7000.0,1330.0,3,12,8000000
2025-06-06,SKU-011,Kebutuhan Rumah,4,309,0,7000.0,1330.0,3,12,8000000
2025-06-07,SKU-011,Kebutuhan Rumah,3,306,0,7000.0,1330.0,3,12,8000000
2025-06-08,SKU-011,Kebutuhan Rumah,5,301,0,7000.0,1330.0,3,12,8000000
2025-06-09,SKU-011,Kebutuhan Rumah,4,297,0,7000.0,1330.0,3,12,8000000
2025-06-10,SKU-011,Kebutuhan Rumah,1,344,0,7000.0,1330.0,3,12,8000000
2025-06-11,SKU-011,Kebutuhan Rumah,4,340,0,7000.0,1330.0,3,12,8000000
2025-06-12,SKU-011,Kebutuhan Rumah,3,337,0,7000.0,1330.0,3,12,8000000
2025-06-13,SKU-011,Kebutuhan Rumah,4,333,0,7000.0,1330.0,3,12,8000000
2025-06-14,SKU-011,Kebutuhan Rumah,3,330,0,7000.0,1330.0,3,12,8000000
2025-06-15,SKU-011,Kebutuhan Rumah,4,326,0,7000.0,1330.0,3,12,8000000
2025-06-16,SKU-011,Kebutuhan Rumah,3,323,0,7000.0,1330.0,3,12,8000000
2025-06-17,SKU-011,Kebutuhan Rumah,4,319,0,7000.0,1330.0,3,12,8000000
2025-06-18,SKU-011,Kebutuhan Rumah,6,313,0,7000.0,1330.0,3,12,8000000
2025-06-19,SKU-011,Kebutuhan Rumah,4,309,0,7000.0,1330.0,3,12,8000000
2025-06-20,SKU-011,Kebutuhan Rumah,2,355,0,7000.0,1330.0,3,12,8000000
2025-06-21,SKU-011,Kebutuhan Rumah,6,349,0,7000.0,1330.0,3,12,8000000
2025-06-22,SKU-011,Kebutuhan Rumah,4,345,0,7000.0,1330.0,3,12,8000000
2025-06-23,SKU-011,Kebutuhan Rumah,6,339,0,7000.0,1330.0,3,12,8000000
2025-06-24,SKU-011,Kebutuhan Rumah,4,335,0,7000.0,1330.0,3,12,8000000
2025-06-25,SKU-011,Kebutuhan Rumah,3,332,0,7000.0,1330.0,3,12,8000000
2025-06-26,SKU-011,Kebutuhan Rumah,6,326,0,7000.0,1330.0,3,12,8000000
2025-06-27,SKU-011,Kebutuhan Rumah,6,320,0,7000.0,1330.0,3,12,8000000
2025-06-28,SKU-011,Kebutuhan Rumah,4,316,0,7000.0,1330.0,3,12,8000000
2025-06-29,SKU-011,Kebutuhan Rumah,2,314,0,7000.0,1330.0,3,12,8000000
2025-06-30,SKU-011,Kebutuhan Rumah,1,361,0,7000.0,1330.0,3,12,8000000
2025-07-01,SKU-011,Kebutuhan Rumah,6,355,0,7000.0,1330.0,3,12,8000000
2025-07-02,SKU-011,Kebutuhan Rumah,6,349,0,7000.0,1330.0,3,12,8000000
2025-07-03,SKU-011,Kebutuhan Rumah,2,347,0,7000.0,1330.0,3,12,8000000
2025-07-04,SKU-011,Kebutuhan Rumah,4,343,0,7000.0,1330.0,3,12,8000000
2025-07-05,SKU-011,Kebutuhan Rumah,4,339,0,7000.0,1330.0,3,12,8000000
2025-07-06,SKU-011,Kebutuhan Rumah,6,333,0,7000.0,1330.0,3,12,8000000
2025-07-07,SKU-011,Kebutuhan Rumah,3,330,0,7000.0,1330.0,3,12,8000000
2025-07-08,SKU-011,Kebutuhan Rumah,2,328,0,7000.0,1330.0,3,12,8000000
2025-07-09,SKU-011,Kebutuhan Rumah,4,324,0,7000.0,1330.0,3,12,8000000
2025-07-10,SKU-011,Kebutuhan Rumah,4,368,0,7000.0,1330.0,3,12,8000000
2025-07-11,SKU-011,Kebutuhan Rumah,3,365,0,7000.0,1330.0,3,12,8000000
2025-07-12,SKU-011,Kebutuhan Rumah,2,363,0,7000.0,1330.0,3,12,8000000
2025-07-13,SKU-011,Kebutuhan Rumah,5,358,0,7000.0,1330.0,3,12,8000000
2025-07-14,SKU-011,Kebutuhan Rumah,3,355,0,7000.0,1330.0,3,12,8000000
2025-07-15,SKU-011,Kebutuhan Rumah,4,351,0,7000.0,1330.0,3,12,8000000
2025-07-16,SKU-011,Kebutuhan Rumah,2,349,0,7000.0,1330.0,3,12,8000000
2025-07-17,SKU-011,Kebutuhan Rumah,2,347,0,7000.0,1330.0,3,12,8000000
2025-07-18,SKU-011,Kebutuhan Rumah,3,344,0,7000.0,1330.0,3,12,8000000
2025-07-19,SKU-011,Kebutuhan Rumah,5,339,0,7000.0,1330.0,3,12,8000000
2025-07-20,SKU-011,Kebutuhan Rumah,7,380,0,7000.0,1330.0,3,12,8000000
2025-07-21,SKU-011,Kebutuhan Rumah,2,378,0,7000.0,1330.0,3,12,8000000
2025-07-22,SKU-011,Kebutuhan Rumah,6,372,0,7000.0,1330.0,3,12,8000000
2025-07-23,SKU-011,Kebutuhan Rumah,1,371,0,7000.0,1330.0,3,12,8000000
2025-07-24,SKU-011,Kebutuhan Rumah,6,365,0,7000.0,1330.0,3,12,8000000
2025-07-25,SKU-011,Kebutuhan Rumah,4,361,0,7000.0,1330.0,3,12,8000000
2025-07-26,SKU-011,Kebutuhan Rumah,5,356,0,7000.0,1330.0,3,12,8000000
2025-07-27,SKU-011,Kebutuhan Rumah,6,350,0,7000.0,1330.0,3,12,8000000
2025-07-28,SKU-011,Kebutuhan Rumah,5,345,0,7000.0,1330.0,3,12,8000000
2025-07-29,SKU-011,Kebutuhan Rumah,3,342,0,7000.0,1330.0,3,12,8000000
2025-07-30,SKU-011,Kebutuhan Rumah,5,385,0,7000.0,1330.0,3,12,8000000
2025-07-31,SKU-011,Kebutuhan Rumah,3,382,0,7000.0,1330.0,3,12,8000000
2025-08-01,SKU-011,Kebutuhan Rumah,3,379,0,7000.0,1330.0,3,12,8000000
2025-08-02,SKU-011,Kebutuhan Rumah,4,375,0,7000.0,1330.0,3,12,8000000
2025-08-03,SKU-011,Kebutuhan Rumah,6,369,0,7000.0,1330.0,3,12,8000000
2025-08-04,SKU-011,Kebutuhan Rumah,7,362,0,7000.0,1330.0,3,12,8000000
2025-08-05,SKU-011,Kebutuhan Rumah,6,356,0,7000.0,1330.0,3,12,8000000
2025-08-06,SKU-011,Kebutuhan Rumah,2,354,0,7000.0,1330.0,3,12,8000000
2025-08-07,SKU-011,Kebutuhan Rumah,4,350,0,7000.0,1330.0,3,12,8000000
2025-08-08,SKU-011,Kebutuhan Rumah,2,348,0,7000.0,1330.0,3,12,8000000
2025-01-01,SKU-012,Perawatan,2,114,0,9250.0,2081.25,5,24,8000000
2025-01-02,SKU-012,Perawatan,2,112,0,9250.0,2081.25,5,24,8000000
2025-01-03,SKU-012,Perawatan,2,110,0,9250.0,2081.25,5,24,8000000
2025-01-04,SKU-012,Perawatan,1,109,0,9250.0,2081.25,5,24,8000000
2025-01-05,SKU-012,Perawatan,3,106,0,9250.0,2081.25,5,24,8000000
2025-01-06,SKU-012,Perawatan,7,99,0,9250.0,2081.25,5,24,8000000
2025-01-07,SKU-012,Perawatan,1,98,0,9250.0,2081.25,5,24,8000000
2025-01-08,SKU-012,Perawatan,2,96,0,9250.0,2081.25,5,24,8000000
2025-01-09,SKU-012,Perawatan,3,93,0,9250.0,2081.25,5,24,8000000
2025-01-10,SKU-012,Perawatan,3,90,0,9250.0,2081.25,5,24,8000000
2025-01-11,SKU-012,Perawatan,7,83,0,9250.0,2081.25,5,24,8000000
2025-01-12,SKU-012,Perawatan,7,76,0,9250.0,2081.25,5,24,8000000
2025-01-13,SKU-012,Perawatan,7,141,0,9250.0,2081.25,5,24,8000000
2025-01-14,SKU-012,Perawatan,5,136,0,9250.0,2081.25,5,24,8000000
2025-01-15,SKU-012,Perawatan,3,133,0,9250.0,2081.25,5,24,8000000
2025-01-16,SKU-012,Perawatan,2,131,0,9250.0,2081.25,5,24,8000000
2025-01-17,SKU-012,Perawatan,0,131,0,9250.0,2081.25,5,24,8000000
2025-01-18,SKU-012,Perawatan,5,126,0,9250.0,2081.25,5,24,8000000
2025-01-19,SKU-012,Perawatan,2,124,0,9250.0,2081.25,5,24,8000000
2025-01-20,SKU-012,Perawatan,2,122,0,9250.0,2081.25,5,24,8000000
2025-01-21,SKU-012,Perawatan,4,118,0,9250.0,2081.25,5,24,8000000
2025-01-22,SKU-012,Perawatan,1,117,0,9250.0,2081.25,5,24,8000000
2025-01-23,SKU-012,Perawatan,2,115,0,9250.0,2081.25,5,24,8000000
2025-01-24,SKU-012,Perawatan,3,112,0,9250.0,2081.25,5,24,8000000
2025-01-25,SKU-012,Perawatan,5,179,0,9250.0,2081.25,5,24,8000000
2025-01-26,SKU-012,Perawatan,9,170,0,9250.0,2081.25,5,24,8000000
2025-01-27,SKU-012,Perawatan,3,167,0,9250.0,2081.25,5,24,8000000
2025-01-28,SKU-012,Perawatan,5,162,0,9250.0,2081.25,5,24,8000000
2025-01-29,SKU-012,Perawatan,3,159,0,9250.0,2081.25,5,24,8000000
2025-01-30,SKU-012,Perawatan,3,156,0,9250.0,2081.25,5,24,8000000
2025-01-31,SKU-012,Perawatan,6,150,0,9250.0,2081.25,5,24,8000000
2025-02-01,SKU-012,Perawatan,3,147,0,9250.0,2081.25,5,24,8000000
2025-02-02,SKU-012,Perawatan,5,142,0,9250.0,2081.25,5,24,8000000
2025-02-03,SKU-012,Perawatan,1,141,0,9250.0,2081.25,5,24,8000000
2025-02-04,SKU-012,Perawatan,0,141,0,9250.0,2081.25,5,24,8000000
2025-02-05,SKU-012,Perawatan,4,137,0,9250.0,2081.25,5,24,8000000
2025-02-06,SKU-012,Perawatan,1,208,0,9250.0,2081.25,5,24,8000000
2025-02-07,SKU-012,Perawatan,4,204,0,9250.0,2081.25,5,24,8000000
2025-02-08,SKU-012,Perawatan,5,199,0,9250.0,2081.25,5,24,8000000
2025-02-09,SKU-012,Perawatan,5,194,0,9250.0,2081.25,5,24,8000000
2025-02-10,SKU-012,Perawatan,3,191,0,9250.0,2081.25,5,24,8000000
2025-02-11,SKU-012,Perawatan,2,189,0,9250.0,2081.25,5,24,8000000
2025-02-12,SKU-012,Perawatan,1,188,0,9250.0,2081.25,5,24,8000000
2025-02-13,SKU-012,Perawatan,2,186,0,9250.0,2081.25,5,24,8000000
2025-02-14,SKU-012,Perawatan,3,183,0,9250.0,2081.25,5,24,8000000
2025-02-15,SKU-012,Perawatan,3,180,0,9250.0,2081.25,5,24,8000000
2025-02-16,SKU-012,Perawatan,3,177,0,9250.0,2081.25,5,24,8000000
2025-02-17,SKU-012,Perawatan,2,175,0,9250.0,2081.25,5,24,8000000
2025-02-18,SKU-012,Perawatan,5,242,0,9250.0,2081.25,5,24,8000000
2025-02-19,SKU-012,Perawatan,5,237,0,9250.0,2081.25,5,24,8000000
2025-02-20,SKU-012,Perawatan,5,232,0,9250.0,2081.25,5,24,8000000
2025-02-21,SKU-012,Perawatan,3,229,0,9250.0,2081.25,5,24,8000000
2025-02-22,SKU-012,Perawatan,1,228,0,9250.0,2081.25,5,24,8000000
2025-02-23,SKU-012,Perawatan,2,226,0,9250.0,2081.25,5,24,8000000
2025-02-24,SKU-012,Perawatan,4,222,0,9250.0,2081.25,5,24,8000000
2025-02-25,SKU-012,Perawatan,4,218,0,9250.0,2081.25,5,24,8000000
2025-02-26,SKU-012,Perawatan,4,214,0,9250.0,2081.25,5,24,8000000
2025-02-27,SKU-012,Perawatan,3,211,0,9250.0,2081.25,5,24,8000000
2025-02-28,SKU-012,Perawatan,6,205,0,9250.0,2081.25,5,24,8000000
2025-03-01,SKU-012,Perawatan,5,200,0,9250.0,2081.25,5,24,8000000
2025-03-02,SKU-012,Perawatan,5,267,0,9250.0,2081.25,5,24,8000000
2025-03-03,SKU-012,Perawatan,2,265,0,9250.0,2081.25,5,24,8000000
2025-03-04,SKU-012,Perawatan,6,259,0,9250.0,2081.25,5,24,8000000
2025-03-05,SKU-012,Perawatan,3,256,0,9250.0,2081.25,5,24,8000000
2025-03-06,SKU-012,Perawatan,2,254,0,9250.0,2081.25,5,24,8000000
2025-03-07,SKU-012,Perawatan,2,252,0,9250.0,2081.25,5,24,8000000
2025-03-08,SKU-012,Perawatan,3,249,0,9250.0,2081.25,5,24,8000000
2025-03-09,SKU-012,Perawatan,4,245,0,9250.0,2081.25,5,24,8000000
2025-03-10,SKU-012,Perawatan,2,243,0,9250.0,2081.25,5,24,8000000
2025-03-11,SKU-012,Perawatan,2,241,0,9250.0,2081.25,5,24,8000000
2025-03-12,SKU-012,Perawatan,0,241,0,9250.0,2081.25,5,24,8000000
2025-03-13,SKU-012,Perawatan,1,240,0,9250.0,2081.25,5,24,8000000
2025-03-14,SKU-012,Perawatan,4,308,0,9250.0,2081.25,5,24,8000000
2025-03-15,SKU-012,Perawatan,7,301,0,9250.0,2081.25,5,24,8000000
2025-03-16,SKU-012,Perawatan,3,298,0,9250.0,2081.25,5,24,8000000
2025-03-17,SKU-012,Perawatan,7,291,0,9250.0,2081.25,5,24,8000000
2025-03-18,SKU-012,Perawatan,4,287,0,9250.0,2081.25,5,24,8000000
2025-03-19,SKU-012,Perawatan,7,280,0,9250.0,2081.25,5,24,8000000
2025-03-20,SKU-012,Perawatan,3,277,0,9250.0,2081.25,5,24,8000000
2025-03-21,SKU-012,Perawatan,2,275,0,9250.0,2081.25,5,24,8000000
2025-03-22,SKU-012,Perawatan,8,267,0,9250.0,2081.25,5,24,8000000
2025-03-23,SKU-012,Perawatan,7,260,0,9250.0,2081.25,5,24,8000000
2025-03-24,SKU-012,Perawatan,2,258,0,9250.0,2081.25,5,24,8000000
2025-03-25,SKU-012,Perawatan,4,254,0,9250.0,2081.25,5,24,8000000
2025-03-26,SKU-012,Perawatan,3,323,0,9250.0,2081.25,5,24,8000000
2025-03-27,SKU-012,Perawatan,4,319,0,9250.0,2081.25,5,24,8000000
2025-03-28,SKU-012,Perawatan,4,315,0,9250.0,2081.25,5,24,8000000
2025-03-29,SKU-012,Perawatan,4,311,0,9250.0,2081.25,5,24,8000000
2025-03-30,SKU-012,Perawatan,2,309,0,9250.0,2081.25,5,24,8000000
2025-03-31,SKU-012,Perawatan,5,304,0,9250.0,2081.25,5,24,8000000
2025-04-01,SKU-012,Perawatan,1,303,0,9250.0,2081.25,5,24,8000000
2025-04-02,SKU-012,Perawatan,6,297,0,9250.0,2081.25,5,24,8000000
2025-04-03,SKU-012,Perawatan,7,290,0,9250.0,2081.25,5,24,8000000
2025-04-04,SKU-012,Perawatan,1,289,0,9250.0,2081.25,5,24,8000000
2025-04-05,SKU-012,Perawatan,4,285,0,9250.0,2081.25,5,24,8000000
2025-04-06,SKU-012,Perawatan,6,279,0,9250.0,2081.25,5,24,8000000
2025-04-07,SKU-012,Perawatan,4,347,0,9250.0,2081.25,5,24,8000000
2025-04-08,SKU-012,Perawatan,1,346,0,9250.0,2081.25,5,24,8000000
2025-04-09,SKU-012,Perawatan,5,341,0,9250.0,2081.25,5,24,8000000
2025-04-10,SKU-012,Perawatan,6,335,0,9250.0,2081.25,5,24,8000000
2025-04-11,SKU-012,Perawatan,1,334,0,9250.0,2081.25,5,24,8000000
2025-04-12,SKU-012,Perawatan,12,322,0,9250.0,2081.25,5,24,8000000
2025-04-13,SKU-012,Perawatan,3,319,0,9250.0,2081.25,5,24,8000000
2025-04-14,SKU-012,Perawatan,2,317,0,9250.0,2081.25,5,24,8000000
2025-04-15,SKU-012,Perawatan,3,314,0,9250.0,2081.25,5,24,8000000
2025-04-16,SKU-012,Perawatan,5,309,0,9250.0,2081.25,5,24,8000000
2025-04-17,SKU-012,Perawatan,1,308,0,9250.0,2081.25,5,24,8000000
2025-04-18,SKU-012,Perawatan,5,303,0,9250.0,2081.25,5,24,8000000
2025-04-19,SKU-012,Perawatan,5,370,0,9250.0,2081.25,5,24,8000000
2025-04-20,SKU-012,Perawatan,3,367,0,9250.0,2081.25,5,24,8000000
2025-04-21,SKU-012,Perawatan,1,366,0,9250.0,2081.25,5,24,8000000
2025-04-22,SKU-012,Perawatan,4,362,0,9250.0,2081.25,5,24,8000000
2025-04-23,SKU-012,Perawatan,4,358,0,9250.0,2081.25,5,24,8000000
2025-04-24,SKU-012,Perawatan,5,353,0,9250.0,2081.25,5,24,8000000
2025-04-25,SKU-012,Perawatan,2,351,0,9250.0,2081.25,5,24,8000000
2025-04-26,SKU-012,Perawatan,1,350,0,9250.0,2081.25,5,24,8000000
2025-04-27,SKU-012,Perawatan,8,342,0,9250.0,2081.25,5,24,8000000
2025-04-28,SKU-012,Perawatan,1,341,0,9250.0,2081.25,5,24,8000000
2025-04-29,SKU-012,Perawatan,2,339,0,9250.0,2081.25,5,24,8000000
2025-04-30,SKU-012,Perawatan,4,335,0,9250.0,2081.25,5,24,8000000
2025-05-01,SKU-012,Perawatan,2,405,0,9250.0,2081.25,5,24,8000000
2025-05-02,SKU-012,Perawatan,4,401,0,9250.0,2081.25,5,24,8000000
2025-05-03,SKU-012,Perawatan,9,392,0,9250.0,2081.25,5,24,8000000
2025-05-04,SKU-012,Perawatan,8,384,0,9250.0,2081.25,5,24,8000000
2025-05-05,SKU-012,Perawatan,4,380,0,9250.0,2081.25,5,24,8000000
2025-05-06,SKU-012,Perawatan,3,377,0,9250.0,2081.25,5,24,8000000
2025-05-07,SKU-012,Perawatan,1,376,0,9250.0,2081.25,5,24,8000000
2025-05-08,SKU-012,Perawatan,2,374,0,9250.0,2081.25,5,24,8000000
2025-05-09,SKU-012,Perawatan,3,371,0,9250.0,2081.25,5,24,8000000
2025-05-10,SKU-012,Perawatan,3,368,0,9250.0,2081.25,5,24,8000000
2025-05-11,SKU-012,Perawatan,6,362,0,9250.0,2081.25,5,24,8000000
2025-05-12,SKU-012,Perawatan,11,351,0,9250.0,2081.25,5,24,8000000
2025-05-13,SKU-012,Perawatan,4,419,0,9250.0,2081.25,5,24,8000000
2025-05-14,SKU-012,Perawatan,8,411,0,9250.0,2081.25,5,24,8000000
2025-05-15,SKU-012,Perawatan,2,409,0,9250.0,2081.25,5,24,8000000
2025-05-16,SKU-012,Perawatan,3,406,0,9250.0,2081.25,5,24,8000000
2025-05-17,SKU-012,Perawatan,6,400,0,9250.0,2081.25,5,24,8000000
2025-05-18,SKU-012,Perawatan,6,394,0,9250.0,2081.25,5,24,8000000
2025-05-19,SKU-012,Perawatan,3,391,0,9250.0,2081.25,5,24,8000000
2025-05-20,SKU-012,Perawatan,4,387,0,9250.0,2081.25,5,24,8000000
2025-05-21,SKU-012,Perawatan,5,382,0,9250.0,2081.25,5,24,8000000
2025-05-22,SKU-012,Perawatan,3,379,0,9250.0,2081.25,5,24,8000000
2025-05-23,SKU-012,Perawatan,3,376,0,9250.0,2081.25,5,24,8000000
2025-05-24,SKU-012,Perawatan,9,367,0,9250.0,2081.25,5,24,8000000
2025-05-25,SKU-012,Perawatan,11,428,0,9250.0,2081.25,5,24,8000000
2025-05-26,SKU-012,Perawatan,1,427,0,9250.0,2081.25,5,24,8000000
2025-05-27,SKU-012,Perawatan,2,425,0,9250.0,2081.25,5,24,8000000
2025-05-28,SKU-012,Perawatan,4,421,0,9250.0,2081.25,5,24,8000000
2025-05-29,SKU-012,Perawatan,1,420,0,9250.0,2081.25,5,24,8000000
2025-05-30,SKU-012,Perawatan,2,418,0,9250.0,2081.25,5,24,8000000
2025-05-31,SKU-012,Perawatan,5,413,0,9250.0,2081.25,5,24,8000000
2025-06-01,SKU-012,Perawatan,4,409,0,9250.0,2081.25,5,24,8000000
2025-06-02,SKU-012,Perawatan,6,403,0,9250.0,2081.25,5,24,8000000
2025-06-03,SKU-012,Perawatan,3,400,0,9250.0,2081.25,5,24,8000000
2025-06-04,SKU-012,Perawatan,7,393,0,9250.0,2081.25,5,24,8000000
2025-06-05,SKU-012,Perawatan,6,387,0,9250.0,2081.25,5,24,8000000
2025-06-06,SKU-012,Perawatan,4,455,0,9250.0,2081.25,5,24,8000000
2025-06-07,SKU-012,Perawatan,6,449,0,9250.0,2081.25,5,24,8000000
2025-06-08,SKU-012,Perawatan,4,445,0,9250.0,2081.25,5,24,8000000
2025-06-09,SKU-012,Perawatan,6,439,0,9250.0,2081.25,5,24,8000000
2025-06-10,SKU-012,Perawatan,7,432,0,9250.0,2081.25,5,24,8000000
2025-06-11,SKU-012,Perawatan,2,430,0,9250.0,2081.25,5,24,8000000
2025-06-12,SKU-012,Perawatan,4,426,0,9250.0,2081.25,5,24,8000000
2025-06-13,SKU-012,Perawatan,4,422,0,9250.0,2081.25,5,24,8000000
2025-06-14,SKU-012,Perawatan,6,416,0,9250.0,2081.25,5,24,8000000
2025-06-15,SKU-012,Perawatan,3,413,0,9250.0,2081.25,5,24,8000000
2025-06-16,SKU-012,Perawatan,5,408,0,9250.0,2081.25,5,24,8000000
2025-06-17,SKU-012,Perawatan,3,405,0,9250.0,2081.25,5,24,8000000
2025-06-18,SKU-012,Perawatan,3,474,0,9250.0,2081.25,5,24,8000000
2025-06-19,SKU-012,Perawatan,4,470,0,9250.0,2081.25,5,24,8000000
2025-06-20,SKU-012,Perawatan,4,466,0,9250.0,2081.25,5,24,8000000
2025-06-21,SKU-012,Perawatan,8,458,0,9250.0,2081.25,5,24,8000000
2025-06-22,SKU-012,Perawatan,10,448,0,9250.0,2081.25,5,24,8000000
2025-06-23,SKU-012,Perawatan,5,443,0,9250.0,2081.25,5,24,8000000
2025-06-24,SKU-012,Perawatan,7,436,0,9250.0,2081.25,5,24,8000000
2025-06-25,SKU-012,Perawatan,3,433,0,9250.0,2081.25,5,24,8000000
2025-06-26,SKU-012,Perawatan,6,427,0,9250.0,2081.25,5,24,8000000
2025-06-27,SKU-012,Perawatan,2,425,0,9250.0,2081.25,5,24,8000000
2025-06-28,SKU-012,Perawatan,3,422,0,9250.0,2081.25,5,24,8000000
2025-06-29,SKU-012,Perawatan,4,418,0,9250.0,2081.25,5,24,8000000
2025-06-30,SKU-012,Perawatan,4,486,0,9250.0,2081.25,5,24,8000000
2025-07-01,SKU-012,Perawatan,4,482,0,9250.0,2081.25,5,24,8000000
2025-07-02,SKU-012,Perawatan,2,480,0,9250.0,2081.25,5,24,8000000
2025-07-03,SKU-012,Perawatan,6,474,0,9250.0,2081.25,5,24,8000000
2025-07-04,SKU-012,Perawatan,3,471,0,9250.0,2081.25,5,24,8000000
2025-07-05,SKU-012,Perawatan,4,467,0,9250.0,2081.25,5,24,8000000
2025-07-06,SKU-012,Perawatan,5,462,0,9250.0,2081.25,5,24,8000000
2025-07-07,SKU-012,Perawatan,7,455,0,9250.0,2081.25,5,24,8000000
2025-07-08,SKU-012,Perawatan,4,451,0,9250.0,2081.25,5,24,8000000
2025-07-09,SKU-012,Perawatan,6,445,0,9250.0,2081.25,5,24,8000000
2025-07-10,SKU-012,Perawatan,3,442,0,9250.0,2081.25,5,24,8000000
2025-07-11,SKU-012,Perawatan,7,435,0,9250.0,2081.25,5,24,8000000
2025-07-12,SKU-012,Perawatan,6,501,0,9250.0,2081.25,5,24,8000000
2025-07-13,SKU-012,Perawatan,5,496,0,9250.0,2081.25,5,24,8000000
2025-07-14,SKU-012,Perawatan,5,491,0,9250.0,2081.25,5,24,8000000
2025-07-15,SKU-012,Perawatan,1,490,0,9250.0,2081.25,5,24,8000000
2025-07-16,SKU-012,Perawatan,7,483,0,9250.0,2081.25,5,24,8000000
2025-07-17,SKU-012,Perawatan,6,477,0,9250.0,2081.25,5,24,8000000
2025-07-18,SKU-012,Perawatan,4,473,0,9250.0,2081.25,5,24,8000000
2025-07-19,SKU-012,Perawatan,7,466,0,9250.0,2081.25,5,24,8000000
2025-07-20,SKU-012,Perawatan,6,460,0,9250.0,2081.25,5,24,8000000
2025-07-21,SKU-012,Perawatan,3,457,0,9250.0,2081.25,5,24,8000000
2025-07-22,SKU-012,Perawatan,4,453,0,9250.0,2081.25,5,24,8000000
2025-07-23,SKU-012,Perawatan,2,451,0,9250.0,2081.25,5,24,8000000
2025-07-24,SKU-012,Perawatan,1,522,0,9250.0,2081.25,5,24,8000000
2025-07-25,SKU-012,Perawatan,2,520,0,9250.0,2081.25,5,24,8000000
2025-07-26,SKU-012,Perawatan,5,515,0,9250.0,2081.25,5,24,8000000
2025-07-27,SKU-012,Perawatan,10,505,0,9250.0,2081.25,5,24,8000000
2025-07-28,SKU-012,Perawatan,2,503,0,9250.0,2081.25,5,24,8000000
2025-07-29,SKU-012,Perawatan,2,501,0,9250.0,2081.25,5,24,8000000
2025-07-30,SKU-012,Perawatan,2,499,0,9250.0,2081.25,5,24,8000000
2025-07-31,SKU-012,Perawatan,3,496,0,9250.0,2081.25,5,24,8000000
2025-08-01,SKU-012,Perawatan,8,488,0,9250.0,2081.25,5,24,8000000
2025-08-02,SKU-012,Perawatan,12,476,0,9250.0,2081.25,5,24,8000000
2025-08-03,SKU-012,Perawatan,15,461,0,9250.0,2081.25,5,24,8000000
2025-08-04,SKU-012,Perawatan,9,452,0,9250.0,2081.25,5,24,8000000
2025-08-05,SKU-012,Perawatan,2,522,0,9250.0,2081.25,5,24,8000000
2025-08-06,SKU-012,Perawatan,7,515,0,9250.0,2081.25,5,24,8000000
2025-08-07,SKU-012,Perawatan,3,512,0,9250.0,2081.25,5,24,8000000
2025-08-08,SKU-012,Perawatan,3,509,0,9250.0,2081.25,5,24,8000000
2025-01-01,SKU-013,Makanan,0,53,0,11500.0,1380.0,7,1,8000000
2025-01-02,SKU-013,Makanan,0,53,0,11500.0,1380.0,7,1,8000000
2025-01-03,SKU-013,Makanan,0,53,0,11500.0,1380.0,7,1,8000000
2025-01-04,SKU-013,Makanan,0,53,0,11500.0,1380.0,7,1,8000000
2025-01-05,SKU-013,Makanan,0,53,0,11500.0,1380.0,7,1,8000000
2025-01-06,SKU-013,Makanan,0,53,0,11500.0,1380.0,7,1,8000000
2025-01-07,SKU-013,Makanan,0,53,0,11500.0,1380.0,7,1,8000000
2025-01-08,SKU-013,Makanan,0,53,0,11500.0,1380.0,7,1,8000000
2025-01-09,SKU-013,Makanan,1,52,0,11500.0,1380.0,7,1,8000000
2025-01-10,SKU-013,Makanan,0,52,0,11500.0,1380.0,7,1,8000000
2025-01-11,SKU-013,Makanan,0,52,0,11500.0,1380.0,7,1,8000000
2025-01-12,SKU-013,Makanan,4,48,0,11500.0,1380.0,7,1,8000000
2025-01-13,SKU-013,Makanan,0,48,0,11500.0,1380.0,7,1,8000000
2025-01-14,SKU-013,Makanan,0,48,0,11500.0,1380.0,7,1,8000000
2025-01-15,SKU-013,Makanan,1,56,0,11500.0,1380.0,7,1,8000000
2025-01-16,SKU-013,Makanan,1,55,0,11500.0,1380.0,7,1,8000000
2025-01-17,SKU-013,Makanan,0,55,0,11500.0,1380.0,7,1,8000000
2025-01-18,SKU-013,Makanan,0,55,0,11500.0,1380.0,7,1,8000000
2025-01-19,SKU-013,Makanan,1,54,0,11500.0,1380.0,7,1,8000000
2025-01-20,SKU-013,Makanan,1,53,0,11500.0,1380.0,7,1,8000000
2025-01-21,SKU-013,Makanan,1,52,0,11500.0,1380.0,7,1,8000000
2025-01-22,SKU-013,Makanan,0,52,0,11500.0,1380.0,7,1,8000000
2025-01-23,SKU-013,Makanan,0,52,0,11500.0,1380.0,7,1,8000000
2025-01-24,SKU-013,Makanan,0,52,0,11500.0,1380.0,7,1,8000000
2025-01-25,SKU-013,Makanan,1,51,0,11500.0,1380.0,7,1,8000000
2025-01-26,SKU-013,Makanan,1,50,0,11500.0,1380.0,7,1,8000000
2025-01-27,SKU-013,Makanan,2,48,0,11500.0,1380.0,7,1,8000000
2025-01-28,SKU-013,Makanan,1,47,0,11500.0,1380.0,7,1,8000000
2025-01-29,SKU-013,Makanan,0,56,0,11500.0,1380.0,7,1,8000000
2025-01-30,SKU-013,Makanan,0,56,0,11500.0,1380.0,7,1,8000000
2025-01-31,SKU-013,Makanan,0,56,0,11500.0,1380.0,7,1,8000000
2025-02-01,SKU-013,Makanan,1,55,0,11500.0,1380.0,7,1,8000000
2025-02-02,SKU-013,Makanan,0,55,0,11500.0,1380.0,7,1,8000000
2025-02-03,SKU-013,Makanan,1,54,0,11500.0,1380.0,7,1,8000000
2025-02-04,SKU-013,Makanan,0,54,0,11500.0,1380.0,7,1,8000000
2025-02-05,SKU-013,Makanan,0,54,0,11500.0,1380.0,7,1,8000000
2025-02-06,SKU-013,Makanan,0,54,0,11500.0,1380.0,7,1,8000000
2025-02-07,SKU-013,Makanan,0,54,0,11500.0,1380.0,7,1,8000000
2025-02-08,SKU-013,Makanan,2,52,0,11500.0,1380.0,7,1,8000000
2025-02-09,SKU-013,Makanan,0,52,0,11500.0,1380.0,7,1,8000000
2025-02-10,SKU-013,Makanan,0,52,0,11500.0,1380.0,7,1,8000000
2025-02-11,SKU-013,Makanan,1,51,0,11500.0,1380.0,7,1,8000000
2025-02-12,SKU-013,Makanan,2,58,0,11500.0,1380.0,7,1,8000000
2025-02-13,SKU-013,Makanan,0,58,0,11500.0,1380.0,7,1,8000000
2025-02-14,SKU-013,Makanan,1,57,0,11500.0,1380.0,7,1,8000000
2025-02-15,SKU-013,Makanan,0,57,0,11500.0,1380.0,7,1,8000000
2025-02-16,SKU-013,Makanan,1,56,0,11500.0,1380.0,7,1,8000000
2025-02-17,SKU-013,Makanan,1,55,0,11500.0,1380.0,7,1,8000000
2025-02-18,SKU-013,Makanan,0,55,0,11500.0,1380.0,7,1,8000000
2025-02-19,SKU-013,Makanan,0,55,0,11500.0,1380.0,7,1,8000000
2025-02-20,SKU-013,Makanan,1,54,0,11500.0,1380.0,7,1,8000000
2025-02-21,SKU-013,Makanan,0,54,0,11500.0,1380.0,7,1,8000000
2025-02-22,SKU-013,Makanan,1,53,0,11500.0,1380.0,7,1,8000000
2025-02-23,SKU-013,Makanan,0,53,0,11500.0,1380.0,7,1,8000000
2025-02-24,SKU-013,Makanan,0,53,0,11500.0,1380.0,7,1,8000000
2025-02-25,SKU-013,Makanan,0,53,0,11500.0,1380.0,7,1,8000000
2025-02-26,SKU-013,Makanan,0,62,0,11500.0,1380.0,7,1,8000000
2025-02-27,SKU-013,Makanan,0,62,0,11500.0,1380.0,7,1,8000000
2025-02-28,SKU-013,Makanan,0,62,0,11500.0,1380.0,7,1,8000000
2025-03-01,SKU-013,Makanan,0,62,0,11500.0,1380.0,7,1,8000000
2025-03-02,SKU-013,Makanan,0,62,0,11500.0,1380.0,7,1,8000000
2025-03-03,SKU-013,Makanan,0,62,0,11500.0,1380.0,7,1,8000000
2025-03-04,SKU-013,Makanan,0,62,0,11500.0,1380.0,7,1,8000000
2025-03-05,SKU-013,Makanan,0,62,0,11500.0,1380.0,7,1,8000000
2025-03-06,SKU-013,Makanan,2,60,0,11500.0,1380.0,7,1,8000000
2025-03-07,SKU-013,Makanan,0,60,0,11500.0,1380.0,7,1,8000000
2025-03-08,SKU-013,Makanan,1,59,0,11500.0,1380.0,7,1,8000000
2025-03-09,SKU-013,Makanan,0,59,0,11500.0,1380.0,7,1,8000000
2025-03-10,SKU-013,Makanan,2,57,0,11500.0,1380.0,7,1,8000000
2025-03-11,SKU-013,Makanan,0,57,0,11500.0,1380.0,7,1,8000000
2025-03-12,SKU-013,Makanan,0,66,0,11500.0,1380.0,7,1,8000000
2025-03-13,SKU-013,Makanan,2,64,0,11500.0,1380.0,7,1,8000000
2025-03-14,SKU-013,Makanan,0,64,0,11500.0,1380.0,7,1,8000000
2025-03-15,SKU-013,Makanan,0,64,0,11500.0,1380.0,7,1,8000000
2025-03-16,SKU-013,Makanan,1,63,0,11500.0,1380.0,7,1,8000000
2025-03-17,SKU-013,Makanan,0,63,0,11500.0,1380.0,7,1,8000000
2025-03-18,SKU-013,Makanan,2,61,0,11500.0,1380.0,7,1,8000000
2025-03-19,SKU-013,Makanan,0,61,0,11500.0,1380.0,7,1,8000000
2025-03-20,SKU-013,Makanan,0,61,0,11500.0,1380.0,7,1,8000000
2025-03-21,SKU-013,Makanan,0,61,0,11500.0,1380.0,7,1,8000000
2025-03-22,SKU-013,Makanan,0,61,0,11500.0,1380.0,7,1,8000000
2025-03-23,SKU-013,Makanan,0,61,0,11500.0,1380.0,7,1,8000000
2025-03-24,SKU-013,Makanan,2,59,0,11500.0,1380.0,7,1,8000000
2025-03-25,SKU-013,Makanan,0,59,0,11500.0,1380.0,7,1,8000000
2025-03-26,SKU-013,Makanan,1,67,0,11500.0,1380.0,7,1,8000000
2025-03-27,SKU-013,Makanan,1,66,0,11500.0,1380.0,7,1,8000000
2025-03-28,SKU-013,Makanan,0,66,0,11500.0,1380.0,7,1,8000000
2025-03-29,SKU-013,Makanan,2,64,0,11500.0,1380.0,7,1,8000000
2025-03-30,SKU-013,Makanan,2,62,0,11500.0,1380.0,7,1,8000000
2025-03-31,SKU-013,Makanan,0,62,0,11500.0,1380.0,7,1,8000000
2025-04-01,SKU-013,Makanan,1,61,0,11500.0,1380.0,7,1,8000000
2025-04-02,SKU-013,Makanan,2,59,0,11500.0,1380.0,7,1,8000000
2025-04-03,SKU-013,Makanan,0,59,0,11500.0,1380.0,7,1,8000000
2025-04-04,SKU-013,Makanan,0,59,0,11500.0,1380.0,7,1,8000000
2025-04-05,SKU-013,Makanan,0,59,0,11500.0,1380.0,7,1,8000000
2025-04-06,SKU-013,Makanan,0,59,0,11500.0,1380.0,7,1,8000000
2025-04-07,SKU-013,Makanan,1,58,0,11500.0,1380.0,7,1,8000000
2025-04-08,SKU-013,Makanan,1,57,0,11500.0,1380.0,7,1,8000000
2025-04-09,SKU-013,Makanan,0,66,0,11500.0,1380.0,7,1,8000000
2025-04-10,SKU-013,Makanan,0,66,0,11500.0,1380.0,7,1,8000000
2025-04-11,SKU-013,Makanan,2,64,0,11500.0,1380.0,7,1,8000000
2025-04-12,SKU-013,Makanan,3,61,0,11500.0,1380.0,7,1,8000000
2025-04-13,SKU-013,Makanan,1,60,0,11500.0,1380.0,7,1,8000000
2025-04-14,SKU-013,Makanan,0,60,0,11500.0,1380.0,7,1,8000000
2025-04-15,SKU-013,Makanan,0,60,0,11500.0,1380.0,7,1,8000000
2025-04-16,SKU-013,Makanan,0,60,0,11500.0,1380.0,7,1,8000000
2025-04-17,SKU-013,Makanan,0,60,0,11500.0,1380.0,7,1,8000000
2025-04-18,SKU-013,Makanan,1,59,0,11500.0,1380.0,7,1,8000000
2025-04-19,SKU-013,Makanan,0,59,0,11500.0,1380.0,7,1,8000000
2025-04-20,SKU-013,Makanan,1,58,0,11500.0,1380.0,7,1,8000000
2025-04-21,SKU-013,Makanan,0,58,0,11500.0,1380.0,7,1,8000000
2025-04-22,SKU-013,Makanan,0,58,0,11500.0,1380.0,7,1,8000000
2025-04-23,SKU-013,Makanan,0,67,0,11500.0,1380.0,7,1,8000000
2025-04-24,SKU-013,Makanan,1,66,0,11500.0,1380.0,7,1,8000000
2025-04-25,SKU-013,Makanan,0,66,0,11500.0,1380.0,7,1,8000000
2025-04-26,SKU-013,Makanan,0,66,0,11500.0,1380.0,7,1,8000000
2025-04-27,SKU-013,Makanan,0,66,0,11500.0,1380.0,7,1,8000000
2025-04-28,SKU-013,Makanan,1,65,0,11500.0,1380.0,7,1,8000000
2025-04-29,SKU-013,Makanan,1,64,0,11500.0,1380.0,7,1,8000000
2025-04-30,SKU-013,Makanan,0,64,0,11500.0,1380.0,7,1,8000000
2025-05-01,SKU-013,Makanan,1,63,0,11500.0,1380.0,7,1,8000000
2025-05-02,SKU-013,Makanan,0,63,0,11500.0,1380.0,7,1,8000000
2025-05-03,SKU-013,Makanan,2,61,0,11500.0,1380.0,7,1,8000000
2025-05-04,SKU-013,Makanan,1,60,0,11500.0,1380.0,7,1,8000000
2025-05-05,SKU-013,Makanan,1,59,0,11500.0,1380.0,7,1,8000000
2025-05-06,SKU-013,Makanan,1,58,0,11500.0,1380.0,7,1,8000000
2025-05-07,SKU-013,Makanan,0,67,0,11500.0,1380.0,7,1,8000000
2025-05-08,SKU-013,Makanan,0,67,0,11500.0,1380.0,7,1,8000000
2025-05-09,SKU-013,Makanan,0,67,0,11500.0,1380.0,7,1,8000000
2025-05-10,SKU-013,Makanan,1,66,0,11500.0,1380.0,7,1,8000000
2025-05-11,SKU-013,Makanan,2,64,0,11500.0,1380.0,7,1,8000000
2025-05-12,SKU-013,Makanan,2,62,0,11500.0,1380.0,7,1,8000000
2025-05-13,SKU-013,Makanan,0,62,0,11500.0,1380.0,7,1,8000000
2025-05-14,SKU-013,Makanan,3,59,0,11500.0,1380.0,7,1,8000000
2025-05-15,SKU-013,Makanan,0,59,0,11500.0,1380.0,7,1,8000000
2025-05-16,SKU-013,Makanan,0,59,0,11500.0,1380.0,7,1,8000000
2025-05-17,SKU-013,Makanan,2,57,0,11500.0,1380.0,7,1,8000000
2025-05-18,SKU-013,Makanan,0,57,0,11500.0,1380.0,7,1,8000000
2025-05-19,SKU-013,Makanan,0,57,0,11500.0,1380.0,7,1,8000000
2025-05-20,SKU-013,Makanan,0,57,0,11500.0,1380.0,7,1,8000000
2025-05-21,SKU-013,Makanan,1,65,0,11500.0,1380.0,7,1,8000000
2025-05-22,SKU-013,Makanan,0,65,0,11500.0,1380.0,7,1,8000000
2025-05-23,SKU-013,Makanan,0,65,0,11500.0,1380.0,7,1,8000000
2025-05-24,SKU-013,Makanan,0,65,0,11500.0,1380.0,7,1,8000000
2025-05-25,SKU-013,Makanan,2,63,0,11500.0,1380.0,7,1,8000000
2025-05-26,SKU-013,Makanan,0,63,0,11500.0,1380.0,7,1,8000000
2025-05-27,SKU-013,Makanan,0,63,0,11500.0,1380.0,7,1,8000000
2025-05-28,SKU-013,Makanan,0,63,0,11500.0,1380.0,7,1,8000000
2025-05-29,SKU-013,Makanan,0,63,0,11500.0,1380.0,7,1,8000000
2025-05-30,SKU-013,Makanan,0,63,0,11500.0,1380.0,7,1,8000000
2025-05-31,SKU-013,Makanan,1,62,0,11500.0,1380.0,7,1,8000000
2025-06-01,SKU-013,Makanan,1,61,0,11500.0,1380.0,7,1,8000000
2025-06-02,SKU-013,Makanan,3,58,0,11500.0,1380.0,7,1,8000000
2025-06-03,SKU-013,Makanan,0,58,0,11500.0,1380.0,7,1,8000000
2025-06-04,SKU-013,Makanan,0,67,0,11500.0,1380.0,7,1,8000000
2025-06-05,SKU-013,Makanan,2,65,0,11500.0,1380.0,7,1,8000000
2025-06-06,SKU-013,Makanan,1,64,0,11500.0,1380.0,7,1,8000000
2025-06-07,SKU-013,Makanan,1,63,0,11500.0,1380.0,7,1,8000000
2025-06-08,SKU-013,Makanan,0,63,0,11500.0,1380.0,7,1,8000000
2025-06-09,SKU-013,Makanan,0,63,0,11500.0,1380.0,7,1,8000000
2025-06-10,SKU-013,Makanan,0,63,0,11500.0,1380.0,7,1,8000000
2025-06-11,SKU-013,Makanan,1,62,0,11500.0,1380.0,7,1,8000000
2025-06-12,SKU-013,Makanan,2,60,0,11500.0,1380.0,7,1,8000000
2025-06-13,SKU-013,Makanan,0,60,0,11500.0,1380.0,7,1,8000000
2025-06-14,SKU-013,Makanan,1,59,0,11500.0,1380.0,7,1,8000000
2025-06-15,SKU-013,Makanan,1,58,0,11500.0,1380.0,7,1,8000000
2025-06-16,SKU-013,Makanan,0,58,0,11500.0,1380.0,7,1,8000000
2025-06-17,SKU-013,Makanan,2,56,0,11500.0,1380.0,7,1,8000000
2025-06-18,SKU-013,Makanan,1,64,0,11500.0,1380.0,7,1,8000000
2025-06-19,SKU-013,Makanan,3,61,0,11500.0,1380.0,7,1,8000000
2025-06-20,SKU-013,Makanan,2,59,0,11500.0,1380.0,7,1,8000000
2025-06-21,SKU-013,Makanan,0,59,0,11500.0,1380.0,7,1,8000000
2025-06-22,SKU-013,Makanan,0,59,0,11500.0,1380.0,7,1,8000000
2025-06-23,SKU-013,Makanan,0,59,0,11500.0,1380.0,7,1,8000000
2025-06-24,SKU-013,Makanan,0,59,0,11500.0,1380.0,7,1,8000000
2025-06-25,SKU-013,Makanan,0,59,0,11500.0,1380.0,7,1,8000000
2025-06-26,SKU-013,Makanan,0,59,0,11500.0,1380.0,7,1,8000000
2025-06-27,SKU-013,Makanan,1,58,0,11500.0,1380.0,7,1,8000000
2025-06-28,SKU-013,Makanan,0,58,0,11500.0,1380.0,7,1,8000000
2025-06-29,SKU-013,Makanan,2,56,0,11500.0,1380.0,7,1,8000000
2025-06-30,SKU-013,Makanan,0,56,0,11500.0,1380.0,7,1,8000000
2025-07-01,SKU-013,Makanan,0,56,0,11500.0,1380.0,7,1,8000000
2025-07-02,SKU-013,Makanan,2,63,0,11500.0,1380.0,7,1,8000000
2025-07-03,SKU-013,Makanan,0,63,0,11500.0,1380.0,7,1,8000000
2025-07-04,SKU-013,Makanan,0,63,0,11500.0,1380.0,7,1,8000000
2025-07-05,SKU-013,Makanan,1,62,0,11500.0,1380.0,7,1,8000000
2025-07-06,SKU-013,Makanan,2,60,0,11500.0,1380.0,7,1,8000000
2025-07-07,SKU-013,Makanan,0,60,0,11500.0,1380.0,7,1,8000000
2025-07-08,SKU-013,Makanan,0,60,0,11500.0,1380.0,7,1,8000000
2025-07-09,SKU-013,Makanan,0,60,0,11500.0,1380.0,7,1,8000000
2025-07-10,SKU-013,Makanan,1,59,0,11500.0,1380.0,7,1,8000000
2025-07-11,SKU-013,Makanan,1,58,0,11500.0,1380.0,7,1,8000000
2025-07-12,SKU-013,Makanan,0,58,0,11500.0,1380.0,7,1,8000000
2025-07-13,SKU-013,Makanan,0,58,0,11500.0,1380.0,7,1,8000000
2025-07-14,SKU-013,Makanan,1,57,0,11500.0,1380.0,7,1,8000000
2025-07-15,SKU-013,Makanan,0,57,0,11500.0,1380.0,7,1,8000000
2025-07-16,SKU-013,Makanan,0,66,0,11500.0,1380.0,7,1,8000000
2025-07-17,SKU-013,Makanan,0,66,0,11500.0,1380.0,7,1,8000000
2025-07-18,SKU-013,Makanan,2,64,0,11500.0,1380.0,7,1,8000000
2025-07-19,SKU-013,Makanan,0,64,0,11500.0,1380.0,7,1,8000000
2025-07-20,SKU-013,Makanan,0,64,0,11500.0,1380.0,7,1,8000000
2025-07-21,SKU-013,Makanan,0,64,0,11500.0,1380.0,7,1,8000000
2025-07-22,SKU-013,Makanan,1,63,0,11500.0,1380.0,7,1,8000000
2025-07-23,SKU-013,Makanan,0,63,0,11500.0,1380.0,7,1,8000000
2025-07-24,SKU-013,Makanan,0,63,0,11500.0,1380.0,7,1,8000000
2025-07-25,SKU-013,Makanan,0,63,0,11500.0,1380.0,7,1,8000000
2025-07-26,SKU-013,Makanan,0,63,0,11500.0,1380.0,7,1,8000000
2025-07-27,SKU-013,Makanan,0,63,0,11500.0,1380.0,7,1,8000000
2025-07-28,SKU-013,Makanan,0,63,0,11500.0,1380.0,7,1,8000000
2025-07-29,SKU-013,Makanan,0,63,0,11500.0,1380.0,7,1,8000000
2025-07-30,SKU-013,Makanan,3,69,0,11500.0,1380.0,7,1,8000000
2025-07-31,SKU-013,Makanan,2,67,0,11500.0,1380.0,7,1,8000000
2025-08-01,SKU-013,Makanan,4,63,0,11500.0,1380.0,7,1,8000000
2025-08-02,SKU-013,Makanan,2,61,0,11500.0,1380.0,7,1,8000000
2025-08-03,SKU-013,Makanan,1,60,0,11500.0,1380.0,7,1,8000000
2025-08-04,SKU-013,Makanan,0,60,0,11500.0,1380.0,7,1,8000000
2025-08-05,SKU-013,Makanan,1,59,0,11500.0,1380.0,7,1,8000000
2025-08-06,SKU-013,Makanan,0,59,0,11500.0,1380.0,7,1,8000000
2025-08-07,SKU-013,Makanan,0,59,0,11500.0,1380.0,7,1,8000000
2025-08-08,SKU-013,Makanan,0,59,0,11500.0,1380.0,7,1,8000000
2025-01-01,SKU-014,Minuman,0,48,0,13750.0,2131.25,9,6,8000000
2025-01-02,SKU-014,Minuman,0,48,0,13750.0,2131.25,9,6,8000000
2025-01-03,SKU-014,Minuman,2,46,0,13750.0,2131.25,9,6,8000000
2025-01-04,SKU-014,Minuman,3,43,0,13750.0,2131.25,9,6,8000000
2025-01-05,SKU-014,Minuman,3,40,0,13750.0,2131.25,9,6,8000000
2025-01-06,SKU-014,Minuman,1,39,0,13750.0,2131.25,9,6,8000000
2025-01-07,SKU-014,Minuman,1,38,0,13750.0,2131.25,9,6,8000000
2025-01-08,SKU-014,Minuman,3,35,0,13750.0,2131.25,9,6,8000000
2025-01-09,SKU-014,Minuman,0,35,0,13750.0,2131.25,9,6,8000000
2025-01-10,SKU-014,Minuman,1,34,0,13750.0,2131.25,9,6,8000000
2025-01-11,SKU-014,Minuman,0,34,0,13750.0,2131.25,9,6,8000000
2025-01-12,SKU-014,Minuman,3,31,0,13750.0,2131.25,9,6,8000000
2025-01-13,SKU-014,Minuman,1,30,0,13750.0,2131.25,9,6,8000000
2025-01-14,SKU-014,Minuman,1,29,0,13750.0,2131.25,9,6,8000000
2025-01-15,SKU-014,Minuman,0,29,0,13750.0,2131.25,9,6,8000000
2025-01-16,SKU-014,Minuman,2,27,0,13750.0,2131.25,9,6,8000000
2025-01-17,SKU-014,Minuman,1,44,0,13750.0,2131.25,9,6,8000000
2025-01-18,SKU-014,Minuman,1,43,0,13750.0,2131.25,9,6,8000000
2025-01-19,SKU-014,Minuman,1,42,0,13750.0,2131.25,9,6,8000000
2025-01-20,SKU-014,Minuman,0,42,0,13750.0,2131.25,9,6,8000000
2025-01-21,SKU-014,Minuman,0,42,0,13750.0,2131.25,9,6,8000000
2025-01-22,SKU-014,Minuman,0,42,0,13750.0,2131.25,9,6,8000000
2025-01-23,SKU-014,Minuman,1,41,0,13750.0,2131.25,9,6,8000000
2025-01-24,SKU-014,Minuman,2,39,0,13750.0,2131.25,9,6,8000000
2025-01-25,SKU-014,Minuman,3,36,0,13750.0,2131.25,9,6,8000000
2025-01-26,SKU-014,Minuman,5,31,0,13750.0,2131.25,9,6,8000000
2025-01-27,SKU-014,Minuman,0,31,0,13750.0,2131.25,9,6,8000000
2025-01-28,SKU-014,Minuman,1,30,0,13750.0,2131.25,9,6,8000000
2025-01-29,SKU-014,Minuman,1,29,0,13750.0,2131.25,9,6,8000000
2025-01-30,SKU-014,Minuman,0,29,0,13750.0,2131.25,9,6,8000000
2025-01-31,SKU-014,Minuman,2,27,0,13750.0,2131.25,9,6,8000000
2025-02-01,SKU-014,Minuman,2,25,0,13750.0,2131.25,9,6,8000000
2025-02-02,SKU-014,Minuman,1,42,0,13750.0,2131.25,9,6,8000000
2025-02-03,SKU-014,Minuman,1,41,0,13750.0,2131.25,9,6,8000000
2025-02-04,SKU-014,Minuman,0,41,0,13750.0,2131.25,9,6,8000000
2025-02-05,SKU-014,Minuman,1,40,0,13750.0,2131.25,9,6,8000000
2025-02-06,SKU-014,Minuman,2,38,0,13750.0,2131.25,9,6,8000000
2025-02-07,SKU-014,Minuman,2,36,0,13750.0,2131.25,9,6,8000000
2025-02-08,SKU-014,Minuman,0,36,0,13750.0,2131.25,9,6,8000000
2025-02-09,SKU-014,Minuman,1,35,0,13750.0,2131.25,9,6,8000000
2025-02-10,SKU-014,Minuman,0,35,0,13750.0,2131.25,9,6,8000000
2025-02-11,SKU-014,Minuman,0,35,0,13750.0,2131.25,9,6,8000000
2025-02-12,SKU-014,Minuman,2,33,0,13750.0,2131.25,9,6,8000000
2025-02-13,SKU-014,Minuman,2,31,0,13750.0,2131.25,9,6,8000000
2025-02-14,SKU-014,Minuman,1,30,0,13750.0,2131.25,9,6,8000000
2025-02-15,SKU-014,Minuman,3,27,0,13750.0,2131.25,9,6,8000000
2025-02-16,SKU-014,Minuman,2,25,0,13750.0,2131.25,9,6,8000000
2025-02-17,SKU-014,Minuman,0,25,0,13750.0,2131.25,9,6,8000000
2025-02-18,SKU-014,Minuman,2,41,0,13750.0,2131.25,9,6,8000000
2025-02-19,SKU-014,Minuman,1,40,0,13750.0,2131.25,9,6,8000000
2025-02-20,SKU-014,Minuman,3,37,0,13750.0,2131.25,9,6,8000000
2025-02-21,SKU-014,Minuman,2,35,0,13750.0,2131.25,9,6,8000000
2025-02-22,SKU-014,Minuman,1,34,0,13750.0,2131.25,9,6,8000000
2025-02-23,SKU-014,Minuman,1,33,0,13750.0,2131.25,9,6,8000000
2025-02-24,SKU-014,Minuman,0,33,0,13750.0,2131.25,9,6,8000000
2025-02-25,SKU-014,Minuman,0,33,0,13750.0,2131.25,9,6,8000000
2025-02-26,SKU-014,Minuman,1,32,0,13750.0,2131.25,9,6,8000000
2025-02-27,SKU-014,Minuman,0,32,0,13750.0,2131.25,9,6,8000000
2025-02-28,SKU-014,Minuman,0,32,0,13750.0,2131.25,9,6,8000000
2025-03-01,SKU-014,Minuman,2,30,0,13750.0,2131.25,9,6,8000000
2025-03-02,SKU-014,Minuman,1,29,0,13750.0,2131.25,9,6,8000000
2025-03-03,SKU-014,Minuman,1,28,0,13750.0,2131.25,9,6,8000000
2025-03-04,SKU-014,Minuman,2,26,0,13750.0,2131.25,9,6,8000000
2025-03-05,SKU-014,Minuman,1,25,0,13750.0,2131.25,9,6,8000000
2025-03-06,SKU-014,Minuman,2,41,0,13750.0,2131.25,9,6,8000000
2025-03-07,SKU-014,Minuman,1,40,0,13750.0,2131.25,9,6,8000000
2025-03-08,SKU-014,Minuman,2,38,0,13750.0,2131.25,9,6,8000000
2025-03-09,SKU-014,Minuman,0,38,0,13750.0,2131.25,9,6,8000000
2025-03-10,SKU-014,Minuman,0,38,0,13750.0,2131.25,9,6,8000000
2025-03-11,SKU-014,Minuman,1,37,0,13750.0,2131.25,9,6,8000000
2025-03-12,SKU-014,Minuman,1,36,0,13750.0,2131.25,9,6,8000000
2025-03-13,SKU-014,Minuman,2,34,0,13750.0,2131.25,9,6,8000000
2025-03-14,SKU-014,Minuman,3,31,0,13750.0,2131.25,9,6,8000000
2025-03-15,SKU-014,Minuman,0,31,0,13750.0,2131.25,9,6,8000000
2025-03-16,SKU-014,Minuman,2,29,0,13750.0,2131.25,9,6,8000000
2025-03-17,SKU-014,Minuman,2,27,0,13750.0,2131.25,9,6,8000000
2025-03-18,SKU-014,Minuman,0,27,0,13750.0,2131.25,9,6,8000000
2025-03-19,SKU-014,Minuman,3,24,0,13750.0,2131.25,9,6,8000000
2025-03-20,SKU-014,Minuman,0,24,0,13750.0,2131.25,9,6,8000000
2025-03-21,SKU-014,Minuman,0,24,0,13750.0,2131.25,9,6,8000000
2025-03-22,SKU-014,Minuman,2,40,0,13750.0,2131.25,9,6,8000000
2025-03-23,SKU-014,Minuman,0,40,0,13750.0,2131.25,9,6,8000000
2025-03-24,SKU-014,Minuman,1,39,0,13750.0,2131.25,9,6,8000000
2025-03-25,SKU-014,Minuman,4,35,0,13750.0,2131.25,9,6,8000000
2025-03-26,SKU-014,Minuman,4,31,0,13750.0,2131.25,9,6,8000000
2025-03-27,SKU-014,Minuman,1,30,0,13750.0,2131.25,9,6,8000000
2025-03-28,SKU-014,Minuman,1,29,0,13750.0,2131.25,9,6,8000000
2025-03-29,SKU-014,Minuman,2,27,0,13750.0,2131.25,9,6,8000000
2025-03-30,SKU-014,Minuman,4,23,0,13750.0,2131.25,9,6,8000000
2025-03-31,SKU-014,Minuman,0,23,0,13750.0,2131.25,9,6,8000000
2025-04-01,SKU-014,Minuman,3,20,0,13750.0,2131.25,9,6,8000000
2025-04-02,SKU-014,Minuman,1,19,0,13750.0,2131.25,9,6,8000000
2025-04-03,SKU-014,Minuman,0,19,0,13750.0,2131.25,9,6,8000000
2025-04-04,SKU-014,Minuman,1,18,0,13750.0,2131.25,9,6,8000000
2025-04-05,SKU-014,Minuman,3,15,0,13750.0,2131.25,9,6,8000000
2025-04-06,SKU-014,Minuman,2,13,0,13750.0,2131.25,9,6,8000000
2025-04-07,SKU-014,Minuman,1,30,0,13750.0,2131.25,9,6,8000000
2025-04-08,SKU-014,Minuman,2,28,0,13750.0,2131.25,9,6,8000000
2025-04-09,SKU-014,Minuman,2,26,0,13750.0,2131.25,9,6,8000000
2025-04-10,SKU-014,Minuman,0,26,0,13750.0,2131.25,9,6,8000000
2025-04-11,SKU-014,Minuman,2,24,0,13750.0,2131.25,9,6,8000000
2025-04-12,SKU-014,Minuman,2,22,0,13750.0,2131.25,9,6,8000000
2025-04-13,SKU-014,Minuman,0,22,0,13750.0,2131.25,9,6,8000000
2025-04-14,SKU-014,Minuman,2,20,0,13750.0,2131.25,9,6,8000000
2025-04-15,SKU-014,Minuman,0,20,0,13750.0,2131.25,9,6,8000000
2025-04-16,SKU-014,Minuman,2,18,0,13750.0,2131.25,9,6,8000000
2025-04-17,SKU-014,Minuman,2,16,0,13750.0,2131.25,9,6,8000000
2025-04-18,SKU-014,Minuman,1,15,0,13750.0,2131.25,9,6,8000000
2025-04-19,SKU-014,Minuman,1,14,0,13750.0,2131.25,9,6,8000000
2025-04-20,SKU-014,Minuman,2,12,0,13750.0,2131.25,9,6,8000000
2025-04-21,SKU-014,Minuman,3,9,0,13750.0,2131.25,9,6,8000000
2025-04-22,SKU-014,Minuman,1,8,0,13750.0,2131.25,9,6,8000000
2025-04-23,SKU-014,Minuman,2,24,0,13750.0,2131.25,9,6,8000000
2025-04-24,SKU-014,Minuman,0,24,0,13750.0,2131.25,9,6,8000000
2025-04-25,SKU-014,Minuman,1,23,0,13750.0,2131.25,9,6,8000000
2025-04-26,SKU-014,Minuman,0,23,0,13750.0,2131.25,9,6,8000000
2025-04-27,SKU-014,Minuman,3,20,0,13750.0,2131.25,9,6,8000000
2025-04-28,SKU-014,Minuman,2,18,0,13750.0,2131.25,9,6,8000000
2025-04-29,SKU-014,Minuman,2,16,0,13750.0,2131.25,9,6,8000000
2025-04-30,SKU-014,Minuman,0,16,0,13750.0,2131.25,9,6,8000000
2025-05-01,SKU-014,Minuman,3,13,0,13750.0,2131.25,9,6,8000000
2025-05-02,SKU-014,Minuman,1,12,0,13750.0,2131.25,9,6,8000000
2025-05-03,SKU-014,Minuman,0,12,0,13750.0,2131.25,9,6,8000000
2025-05-04,SKU-014,Minuman,2,10,0,13750.0,2131.25,9,6,8000000
2025-05-05,SKU-014,Minuman,1,9,0,13750.0,2131.25,9,6,8000000
2025-05-06,SKU-014,Minuman,3,6,0,13750.0,2131.25,9,6,8000000
2025-05-07,SKU-014,Minuman,0,6,0,13750.0,2131.25,9,6,8000000
2025-05-08,SKU-014,Minuman,5,1,0,13750.0,2131.25,9,6,8000000
2025-05-09,SKU-014,Minuman,0,19,0,13750.0,2131.25,9,6,8000000
2025-05-10,SKU-014,Minuman,2,17,0,13750.0,2131.25,9,6,8000000
2025-05-11,SKU-014,Minuman,1,16,0,13750.0,2131.25,9,6,8000000
2025-05-12,SKU-014,Minuman,1,15,0,13750.0,2131.25,9,6,8000000
2025-05-13,SKU-014,Minuman,1,14,0,13750.0,2131.25,9,6,8000000
2025-05-14,SKU-014,Minuman,0,14,0,13750.0,2131.25,9,6,8000000
2025-05-15,SKU-014,Minuman,0,14,0,13750.0,2131.25,9,6,8000000
2025-05-16,SKU-014,Minuman,4,10,0,13750.0,2131.25,9,6,8000000
2025-05-17,SKU-014,Minuman,0,10,0,13750.0,2131.25,9,6,8000000
2025-05-18,SKU-014,Minuman,2,8,0,13750.0,2131.25,9,6,8000000
2025-05-19,SKU-014,Minuman,0,8,0,13750.0,2131.25,9,6,8000000
2025-05-20,SKU-014,Minuman,2,6,0,13750.0,2131.25,9,6,8000000
2025-05-21,SKU-014,Minuman,0,6,0,13750.0,2131.25,9,6,8000000
2025-05-22,SKU-014,Minuman,2,4,0,13750.0,2131.25,9,6,8000000
2025-05-23,SKU-014,Minuman,3,1,0,13750.0,2131.25,9,6,8000000
2025-05-24,SKU-014,Minuman,1,0,0,13750.0,2131.25,9,6,8000000
2025-05-25,SKU-014,Minuman,2,18,0,13750.0,2131.25,9,6,8000000
2025-05-26,SKU-014,Minuman,1,17,0,13750.0,2131.25,9,6,8000000
2025-05-27,SKU-014,Minuman,0,17,0,13750.0,2131.25,9,6,8000000
2025-05-28,SKU-014,Minuman,2,15,0,13750.0,2131.25,9,6,8000000
2025-05-29,SKU-014,Minuman,3,12,0,13750.0,2131.25,9,6,8000000
2025-05-30,SKU-014,Minuman,0,12,0,13750.0,2131.25,9,6,8000000
2025-05-31,SKU-014,Minuman,4,8,0,13750.0,2131.25,9,6,8000000
2025-06-01,SKU-014,Minuman,2,6,0,13750.0,2131.25,9,6,8000000
2025-06-02,SKU-014,Minuman,2,4,0,13750.0,2131.25,9,6,8000000
2025-06-03,SKU-014,Minuman,0,4,0,13750.0,2131.25,9,6,8000000
2025-06-04,SKU-014,Minuman,2,2,0,13750.0,2131.25,9,6,8000000
2025-06-05,SKU-014,Minuman,3,0,0,13750.0,2131.25,9,6,8000000
2025-06-06,SKU-014,Minuman,0,0,0,13750.0,2131.25,9,6,8000000
2025-06-07,SKU-014,Minuman,1,0,0,13750.0,2131.25,9,6,8000000
2025-06-08,SKU-014,Minuman,0,0,0,13750.0,2131.25,9,6,8000000
2025-06-09,SKU-014,Minuman,2,0,0,13750.0,2131.25,9,6,8000000
2025-06-10,SKU-014,Minuman,2,18,0,13750.0,2131.25,9,6,8000000
2025-06-11,SKU-014,Minuman,1,17,0,13750.0,2131.25,9,6,8000000
2025-06-12,SKU-014,Minuman,0,17,0,13750.0,2131.25,9,6,8000000
2025-06-13,SKU-014,Minuman,0,17,0,13750.0,2131.25,9,6,8000000
2025-06-14,SKU-014,Minuman,2,15,0,13750.0,2131.25,9,6,8000000
2025-06-15,SKU-014,Minuman,1,14,0,13750.0,2131.25,9,6,8000000
2025-06-16,SKU-014,Minuman,0,14,0,13750.0,2131.25,9,6,8000000
2025-06-17,SKU-014,Minuman,3,11,0,13750.0,2131.25,9,6,8000000
2025-06-18,SKU-014,Minuman,2,9,0,13750.0,2131.25,9,6,8000000
2025-06-19,SKU-014,Minuman,2,7,0,13750.0,2131.25,9,6,8000000
2025-06-20,SKU-014,Minuman,1,6,0,13750.0,2131.25,9,6,8000000
2025-06-21,SKU-014,Minuman,3,3,0,13750.0,2131.25,9,6,8000000
2025-06-22,SKU-014,Minuman,1,2,0,13750.0,2131.25,9,6,8000000
2025-06-23,SKU-014,Minuman,2,0,0,13750.0,2131.25,9,6,8000000
2025-06-24,SKU-014,Minuman,2,0,0,13750.0,2131.25,9,6,8000000
2025-06-25,SKU-014,Minuman,4,0,0,13750.0,2131.25,9,6,8000000
2025-06-26,SKU-014,Minuman,3,18,0,13750.0,2131.25,9,6,8000000
2025-06-27,SKU-014,Minuman,1,17,0,13750.0,2131.25,9,6,8000000
2025-06-28,SKU-014,Minuman,2,15,0,13750.0,2131.25,9,6,8000000
2025-06-29,SKU-014,Minuman,3,12,0,13750.0,2131.25,9,6,8000000
2025-06-30,SKU-014,Minuman,3,9,0,13750.0,2131.25,9,6,8000000
2025-07-01,SKU-014,Minuman,1,8,0,13750.0,2131.25,9,6,8000000
2025-07-02,SKU-014,Minuman,0,8,0,13750.0,2131.25,9,6,8000000
2025-07-03,SKU-014,Minuman,3,5,0,13750.0,2131.25,9,6,8000000
2025-07-04,SKU-014,Minuman,0,5,0,13750.0,2131.25,9,6,8000000
2025-07-05,SKU-014,Minuman,1,4,0,13750.0,2131.25,9,6,8000000
2025-07-06,SKU-014,Minuman,3,1,0,13750.0,2131.25,9,6,8000000
2025-07-07,SKU-014,Minuman,1,0,0,13750.0,2131.25,9,6,8000000
2025-07-08,SKU-014,Minuman,2,0,0,13750.0,2131.25,9,6,8000000
2025-07-09,SKU-014,Minuman,1,0,0,13750.0,2131.25,9,6,8000000
2025-07-10,SKU-014,Minuman,1,0,0,13750.0,2131.25,9,6,8000000
2025-07-11,SKU-014,Minuman,0,0,0,13750.0,2131.25,9,6,8000000
2025-07-12,SKU-014,Minuman,1,18,0,13750.0,2131.25,9,6,8000000
2025-07-13,SKU-014,Minuman,1,17,0,13750.0,2131.25,9,6,8000000
2025-07-14,SKU-014,Minuman,1,16,0,13750.0,2131.25,9,6,8000000
2025-07-15,SKU-014,Minuman,0,16,0,13750.0,2131.25,9,6,8000000
2025-07-16,SKU-014,Minuman,0,16,0,13750.0,2131.25,9,6,8000000
2025-07-17,SKU-014,Minuman,2,14,0,13750.0,2131.25,9,6,8000000
2025-07-18,SKU-014,Minuman,0,14,0,13750.0,2131.25,9,6,8000000
2025-07-19,SKU-014,Minuman,3,11,0,13750.0,2131.25,9,6,8000000
2025-07-20,SKU-014,Minuman,2,9,0,13750.0,2131.25,9,6,8000000
2025-07-21,SKU-014,Minuman,0,9,0,13750.0,2131.25,9,6,8000000
2025-07-22,SKU-014,Minuman,1,8,0,13750.0,2131.25,9,6,8000000
2025-07-23,SKU-014,Minuman,2,6,0,13750.0,2131.25,9,6,8000000
2025-07-24,SKU-014,Minuman,0,6,0,13750.0,2131.25,9,6,8000000
2025-07-25,SKU-014,Minuman,1,5,0,13750.0,2131.25,9,6,8000000
2025-07-26,SKU-014,Minuman,1,4,0,13750.0,2131.25,9,6,8000000
2025-07-27,SKU-014,Minuman,3,1,0,13750.0,2131.25,9,6,8000000
2025-07-28,SKU-014,Minuman,1,18,0,13750.0,2131.25,9,6,8000000
2025-07-29,SKU-014,Minuman,1,17,0,13750.0,2131.25,9,6,8000000
2025-07-30,SKU-014,Minuman,0,17,0,13750.0,2131.25,9,6,8000000
2025-07-31,SKU-014,Minuman,0,17,0,13750.0,2131.25,9,6,8000000
2025-08-01,SKU-014,Minuman,0,17,0,13750.0,2131.25,9,6,8000000
2025-08-02,SKU-014,Minuman,3,14,0,13750.0,2131.25,9,6,8000000
2025-08-03,SKU-014,Minuman,2,12,0,13750.0,2131.25,9,6,8000000
2025-08-04,SKU-014,Minuman,1,11,0,13750.0,2131.25,9,6,8000000
2025-08-05,SKU-014,Minuman,2,9,0,13750.0,2131.25,9,6,8000000
2025-08-06,SKU-014,Minuman,0,9,0,13750.0,2131.25,9,6,8000000
2025-08-07,SKU-014,Minuman,3,6,0,13750.0,2131.25,9,6,8000000
2025-08-08,SKU-014,Minuman,0,6,0,13750.0,2131.25,9,6,8000000
2025-01-01,SKU-015,Kebutuhan Rumah,0,80,0,16000.0,3040.0,11,12,8000000
2025-01-02,SKU-015,Kebutuhan Rumah,0,80,0,16000.0,3040.0,11,12,8000000
2025-01-03,SKU-015,Kebutuhan Rumah,0,80,0,16000.0,3040.0,11,12,8000000
2025-01-04,SKU-015,Kebutuhan Rumah,0,80,0,16000.0,3040.0,11,12,8000000
2025-01-05,SKU-015,Kebutuhan Rumah,0,80,0,16000.0,3040.0,11,12,8000000
2025-01-06,SKU-015,Kebutuhan Rumah,0,80,0,16000.0,3040.0,11,12,8000000
2025-01-07,SKU-015,Kebutuhan Rumah,1,79,0,16000.0,3040.0,11,12,8000000
2025-01-08,SKU-015,Kebutuhan Rumah,0,79,0,16000.0,3040.0,11,12,8000000
2025-01-09,SKU-015,Kebutuhan Rumah,1,78,0,16000.0,3040.0,11,12,8000000
2025-01-10,SKU-015,Kebutuhan Rumah,0,78,0,16000.0,3040.0,11,12,8000000
2025-01-11,SKU-015,Kebutuhan Rumah,4,74,0,16000.0,3040.0,11,12,8000000
2025-01-12,SKU-015,Kebutuhan Rumah,2,72,0,16000.0,3040.0,11,12,8000000
2025-01-13,SKU-015,Kebutuhan Rumah,3,69,0,16000.0,3040.0,11,12,8000000
2025-01-14,SKU-015,Kebutuhan Rumah,0,69,0,16000.0,3040.0,11,12,8000000
2025-01-15,SKU-015,Kebutuhan Rumah,0,69,0,16000.0,3040.0,11,12,8000000
2025-01-16,SKU-015,Kebutuhan Rumah,0,69,0,16000.0,3040.0,11,12,8000000
2025-01-17,SKU-015,Kebutuhan Rumah,1,68,0,16000.0,3040.0,11,12,8000000
2025-01-18,SKU-015,Kebutuhan Rumah,0,68,0,16000.0,3040.0,11,12,8000000
2025-01-19,SKU-015,Kebutuhan Rumah,3,101,0,16000.0,3040.0,11,12,8000000
2025-01-20,SKU-015,Kebutuhan Rumah,2,99,0,16000.0,3040.0,11,12,8000000
2025-01-21,SKU-015,Kebutuhan Rumah,0,99,0,16000.0,3040.0,11,12,8000000
2025-01-22,SKU-015,Kebutuhan Rumah,0,99,0,16000.0,3040.0,11,12,8000000
2025-01-23,SKU-015,Kebutuhan Rumah,4,95,0,16000.0,3040.0,11,12,8000000
2025-01-24,SKU-015,Kebutuhan Rumah,0,95,0,16000.0,3040.0,11,12,8000000
2025-01-25,SKU-015,Kebutuhan Rumah,0,95,0,16000.0,3040.0,11,12,8000000
2025-01-26,SKU-015,Kebutuhan Rumah,0,95,0,16000.0,3040.0,11,12,8000000
2025-01-27,SKU-015,Kebutuhan Rumah,0,95,0,16000.0,3040.0,11,12,8000000
2025-01-28,SKU-015,Kebutuhan Rumah,0,95,0,16000.0,3040.0,11,12,8000000
2025-01-29,SKU-015,Kebutuhan Rumah,0,95,0,16000.0,3040.0,11,12,8000000
2025-01-30,SKU-015,Kebutuhan Rumah,0,95,0,16000.0,3040.0,11,12,8000000
2025-01-31,SKU-015,Kebutuhan Rumah,0,95,0,16000.0,3040.0,11,12,8000000
2025-02-01,SKU-015,Kebutuhan Rumah,0,95,0,16000.0,3040.0,11,12,8000000
2025-02-02,SKU-015,Kebutuhan Rumah,0,95,0,16000.0,3040.0,11,12,8000000
2025-02-03,SKU-015,Kebutuhan Rumah,2,93,0,16000.0,3040.0,11,12,8000000
2025-02-04,SKU-015,Kebutuhan Rumah,0,93,0,16000.0,3040.0,11,12,8000000
2025-02-05,SKU-015,Kebutuhan Rumah,0,93,0,16000.0,3040.0,11,12,8000000
2025-02-06,SKU-015,Kebutuhan Rumah,1,128,0,16000.0,3040.0,11,12,8000000
2025-02-07,SKU-015,Kebutuhan Rumah,0,128,0,16000.0,3040.0,11,12,8000000
2025-02-08,SKU-015,Kebutuhan Rumah,1,127,0,16000.0,3040.0,11,12,8000000
2025-02-09,SKU-015,Kebutuhan Rumah,0,127,0,16000.0,3040.0,11,12,8000000
2025-02-10,SKU-015,Kebutuhan Rumah,0,127,0,16000.0,3040.0,11,12,8000000
2025-02-11,SKU-015,Kebutuhan Rumah,0,127,0,16000.0,3040.0,11,12,8000000
2025-02-12,SKU-015,Kebutuhan Rumah,2,125,0,16000.0,3040.0,11,12,8000000
2025-02-13,SKU-015,Kebutuhan Rumah,1,124,0,16000.0,3040.0,11,12,8000000
2025-02-14,SKU-015,Kebutuhan Rumah,2,122,0,16000.0,3040.0,11,12,8000000
2025-02-15,SKU-015,Kebutuhan Rumah,1,121,0,16000.0,3040.0,11,12,8000000
2025-02-16,SKU-015,Kebutuhan Rumah,0,121,0,16000.0,3040.0,11,12,8000000
2025-02-17,SKU-015,Kebutuhan Rumah,0,121,0,16000.0,3040.0,11,12,8000000
2025-02-18,SKU-015,Kebutuhan Rumah,1,120,0,16000.0,3040.0,11,12,8000000
2025-02-19,SKU-015,Kebutuhan Rumah,2,118,0,16000.0,3040.0,11,12,8000000
2025-02-20,SKU-015,Kebutuhan Rumah,1,117,0,16000.0,3040.0,11,12,8000000
2025-02-21,SKU-015,Kebutuhan Rumah,1,116,0,16000.0,3040.0,11,12,8000000
2025-02-22,SKU-015,Kebutuhan Rumah,0,116,0,16000.0,3040.0,11,12,8000000
2025-02-23,SKU-015,Kebutuhan Rumah,0,116,0,16000.0,3040.0,11,12,8000000
2025-02-24,SKU-015,Kebutuhan Rumah,0,152,0,16000.0,3040.0,11,12,8000000
2025-02-25,SKU-015,Kebutuhan Rumah,0,152,0,16000.0,3040.0,11,12,8000000
2025-02-26,SKU-015,Kebutuhan Rumah,0,152,0,16000.0,3040.0,11,12,8000000
2025-02-27,SKU-015,Kebutuhan Rumah,0,152,0,16000.0,3040.0,11,12,8000000
2025-02-28,SKU-015,Kebutuhan Rumah,0,152,0,16000.0,3040.0,11,12,8000000
2025-03-01,SKU-015,Kebutuhan Rumah,0,152,0,16000.0,3040.0,11,12,8000000
2025-03-02,SKU-015,Kebutuhan Rumah,0,152,0,16000.0,3040.0,11,12,8000000
2025-03-03,SKU-015,Kebutuhan Rumah,0,152,0,16000.0,3040.0,11,12,8000000
2025-03-04,SKU-015,Kebutuhan Rumah,0,152,0,16000.0,3040.0,11,12,8000000
2025-03-05,SKU-015,Kebutuhan Rumah,0,152,0,16000.0,3040.0,11,12,8000000
2025-03-06,SKU-015,Kebutuhan Rumah,0,152,0,16000.0,3040.0,11,12,8000000
2025-03-07,SKU-015,Kebutuhan Rumah,0,152,0,16000.0,3040.0,11,12,8000000
2025-03-08,SKU-015,Kebutuhan Rumah,0,152,0,16000.0,3040.0,11,12,8000000
2025-03-09,SKU-015,Kebutuhan Rumah,3,149,0,16000.0,3040.0,11,12,8000000
2025-03-10,SKU-015,Kebutuhan Rumah,0,149,0,16000.0,3040.0,11,12,8000000
2025-03-11,SKU-015,Kebutuhan Rumah,0,149,0,16000.0,3040.0,11,12,8000000
2025-03-12,SKU-015,Kebutuhan Rumah,0,149,0,16000.0,3040.0,11,12,8000000
2025-03-13,SKU-015,Kebutuhan Rumah,3,146,0,16000.0,3040.0,11,12,8000000
2025-03-14,SKU-015,Kebutuhan Rumah,0,182,0,16000.0,3040.0,11,12,8000000
2025-03-15,SKU-015,Kebutuhan Rumah,5,177,0,16000.0,3040.0,11,12,8000000
2025-03-16,SKU-015,Kebutuhan Rumah,4,173,0,16000.0,3040.0,11,12,8000000
2025-03-17,SKU-015,Kebutuhan Rumah,0,173,0,16000.0,3040.0,11,12,8000000
2025-03-18,SKU-015,Kebutuhan Rumah,2,171,0,16000.0,3040.0,11,12,8000000
2025-03-19,SKU-015,Kebutuhan Rumah,0,171,0,16000.0,3040.0,11,12,8000000
2025-03-20,SKU-015,Kebutuhan Rumah,0,171,0,16000.0,3040.0,11,12,8000000
2025-03-21,SKU-015,Kebutuhan Rumah,0,171,0,16000.0,3040.0,11,12,8000000
2025-03-22,SKU-015,Kebutuhan Rumah,3,168,0,16000.0,3040.0,11,12,8000000
2025-03-23,SKU-015,Kebutuhan Rumah,0,168,0,16000.0,3040.0,11,12,8000000
2025-03-24,SKU-015,Kebutuhan Rumah,0,168,0,16000.0,3040.0,11,12,8000000
2025-03-25,SKU-015,Kebutuhan Rumah,1,167,0,16000.0,3040.0,11,12,8000000
2025-03-26,SKU-015,Kebutuhan Rumah,1,166,0,16000.0,3040.0,11,12,8000000
2025-03-27,SKU-015,Kebutuhan Rumah,3,163,0,16000.0,3040.0,11,12,8000000
2025-03-28,SKU-015,Kebutuhan Rumah,0,163,0,16000.0,3040.0,11,12,8000000
2025-03-29,SKU-015,Kebutuhan Rumah,2,161,0,16000.0,3040.0,11,12,8000000
2025-03-30,SKU-015,Kebutuhan Rumah,4,157,0,16000.0,3040.0,11,12,8000000
2025-03-31,SKU-015,Kebutuhan Rumah,0,157,0,16000.0,3040.0,11,12,8000000
2025-04-01,SKU-015,Kebutuhan Rumah,0,193,0,16000.0,3040.0,11,12,8000000
2025-04-02,SKU-015,Kebutuhan Rumah,2,191,0,16000.0,3040.0,11,12,8000000
2025-04-03,SKU-015,Kebutuhan Rumah,0,191,0,16000.0,3040.0,11,12,8000000
2025-04-04,SKU-015,Kebutuhan Rumah,0,191,0,16000.0,3040.0,11,12,8000000
2025-04-05,SKU-015,Kebutuhan Rumah,2,189,0,16000.0,3040.0,11,12,8000000
2025-04-06,SKU-015,Kebutuhan Rumah,5,184,0,16000.0,3040.0,11,12,8000000
2025-04-07,SKU-015,Kebutuhan Rumah,2,182,0,16000.0,3040.0,11,12,8000000
2025-04-08,SKU-015,Kebutuhan Rumah,0,182,0,16000.0,3040.0,11,12,8000000
2025-04-09,SKU-015,Kebutuhan Rumah,0,182,0,16000.0,3040.0,11,12,8000000
2025-04-10,SKU-015,Kebutuhan Rumah,0,182,0,16000.0,3040.0,11,12,8000000
2025-04-11,SKU-015,Kebutuhan Rumah,2,180,0,16000.0,3040.0,11,12,8000000
2025-04-12,SKU-015,Kebutuhan Rumah,0,180,0,16000.0,3040.0,11,12,8000000
2025-04-13,SKU-015,Kebutuhan Rumah,0,180,0,16000.0,3040.0,11,12,8000000
2025-04-14,SKU-015,Kebutuhan Rumah,2,178,0,16000.0,3040.0,11,12,8000000
2025-04-15,SKU-015,Kebutuhan Rumah,1,177,0,16000.0,3040.0,11,12,8000000
2025-04-16,SKU-015,Kebutuhan Rumah,0,177,0,16000.0,3040.0,11,12,8000000
2025-04-17,SKU-015,Kebutuhan Rumah,0,177,0,16000.0,3040.0,11,12,8000000
2025-04-18,SKU-015,Kebutuhan Rumah,0,177,0,16000.0,3040.0,11,12,8000000
2025-04-19,SKU-015,Kebutuhan Rumah,2,211,0,16000.0,3040.0,11,12,8000000
2025-04-20,SKU-015,Kebutuhan Rumah,0,211,0,16000.0,3040.0,11,12,8000000
2025-04-21,SKU-015,Kebutuhan Rumah,0,211,0,16000.0,3040.0,11,12,8000000
2025-04-22,SKU-015,Kebutuhan Rumah,0,211,0,16000.0,3040.0,11,12,8000000
2025-04-23,SKU-015,Kebutuhan Rumah,0,211,0,16000.0,3040.0,11,12,8000000
2025-04-24,SKU-015,Kebutuhan Rumah,0,211,0,16000.0,3040.0,11,12,8000000
2025-04-25,SKU-015,Kebutuhan Rumah,0,211,0,16000.0,3040.0,11,12,8000000
2025-04-26,SKU-015,Kebutuhan Rumah,7,204,0,16000.0,3040.0,11,12,8000000
2025-04-27,SKU-015,Kebutuhan Rumah,0,204,0,16000.0,3040.0,11,12,8000000
2025-04-28,SKU-015,Kebutuhan Rumah,6,198,0,16000.0,3040.0,11,12,8000000
2025-04-29,SKU-015,Kebutuhan Rumah,0,198,0,16000.0,3040.0,11,12,8000000
2025-04-30,SKU-015,Kebutuhan Rumah,0,198,0,16000.0,3040.0,11,12,8000000
2025-05-01,SKU-015,Kebutuhan Rumah,0,198,0,16000.0,3040.0,11,12,8000000
2025-05-02,SKU-015,Kebutuhan Rumah,0,198,0,16000.0,3040.0,11,12,8000000
2025-05-03,SKU-015,Kebutuhan Rumah,0,198,0,16000.0,3040.0,11,12,8000000
2025-05-04,SKU-015,Kebutuhan Rumah,3,195,0,16000.0,3040.0,11,12,8000000
2025-05-05,SKU-015,Kebutuhan Rumah,0,195,0,16000.0,3040.0,11,12,8000000
2025-05-06,SKU-015,Kebutuhan Rumah,2,193,0,16000.0,3040.0,11,12,8000000
2025-05-07,SKU-015,Kebutuhan Rumah,0,229,0,16000.0,3040.0,11,12,8000000
2025-05-08,SKU-015,Kebutuhan Rumah,0,229,0,16000.0,3040.0,11,12,8000000
2025-05-09,SKU-015,Kebutuhan Rumah,0,229,0,16000.0,3040.0,11,12,8000000
2025-05-10,SKU-015,Kebutuhan Rumah,0,229,0,16000.0,3040.0,11,12,8000000
2025-05-11,SKU-015,Kebutuhan Rumah,0,229,0,16000.0,3040.0,11,12,8000000
2025-05-12,SKU-015,Kebutuhan Rumah,0,229,0,16000.0,3040.0,11,12,8000000
2025-05-13,SKU-015,Kebutuhan Rumah,1,228,0,16000.0,3040.0,11,12,8000000
2025-05-14,SKU-015,Kebutuhan Rumah,0,228,0,16000.0,3040.0,11,12,8000000
2025-05-15,SKU-015,Kebutuhan Rumah,0,228,0,16000.0,3040.0,11,12,8000000
2025-05-16,SKU-015,Kebutuhan Rumah,0,228,0,16000.0,3040.0,11,12,8000000
2025-05-17,SKU-015,Kebutuhan Rumah,0,228,0,16000.0,3040.0,11,12,8000000
2025-05-18,SKU-015,Kebutuhan Rumah,2,226,0,16000.0,3040.0,11,12,8000000
2025-05-19,SKU-015,Kebutuhan Rumah,0,226,0,16000.0,3040.0,11,12,8000000
2025-05-20,SKU-015,Kebutuhan Rumah,2,224,0,16000.0,3040.0,11,12,8000000
2025-05-21,SKU-015,Kebutuhan Rumah,0,224,0,16000.0,3040.0,11,12,8000000
2025-05-22,SKU-015,Kebutuhan Rumah,0,224,0,16000.0,3040.0,11,12,8000000
2025-05-23,SKU-015,Kebutuhan Rumah,4,220,0,16000.0,3040.0,11,12,8000000
2025-05-24,SKU-015,Kebutuhan Rumah,0,220,0,16000.0,3040.0,11,12,8000000
2025-05-25,SKU-015,Kebutuhan Rumah,0,256,0,16000.0,3040.0,11,12,8000000
2025-05-26,SKU-015,Kebutuhan Rumah,0,256,0,16000.0,3040.0,11,12,8000000
2025-05-27,SKU-015,Kebutuhan Rumah,0,256,0,16000.0,3040.0,11,12,8000000
2025-05-28,SKU-015,Kebutuhan Rumah,0,256,0,16000.0,3040.0,11,12,8000000
2025-05-29,SKU-015,Kebutuhan Rumah,1,255,0,16000.0,3040.0,11,12,8000000
2025-05-30,SKU-015,Kebutuhan Rumah,1,254,0,16000.0,3040.0,11,12,8000000
2025-05-31,SKU-015,Kebutuhan Rumah,0,254,0,16000.0,3040.0,11,12,8000000
2025-06-01,SKU-015,Kebutuhan Rumah,0,254,0,16000.0,3040.0,11,12,8000000
2025-06-02,SKU-015,Kebutuhan Rumah,0,254,0,16000.0,3040.0,11,12,8000000
2025-06-03,SKU-015,Kebutuhan Rumah,0,254,0,16000.0,3040.0,11,12,8000000
2025-06-04,SKU-015,Kebutuhan Rumah,0,254,0,16000.0,3040.0,11,12,8000000
2025-06-05,SKU-015,Kebutuhan Rumah,0,254,0,16000.0,3040.0,11,12,8000000
2025-06-06,SKU-015,Kebutuhan Rumah,4,250,0,16000.0,3040.0,11,12,8000000
2025-06-07,SKU-015,Kebutuhan Rumah,0,250,0,16000.0,3040.0,11,12,8000000
2025-06-08,SKU-015,Kebutuhan Rumah,1,249,0,16000.0,3040.0,11,12,8000000
2025-06-09,SKU-015,Kebutuhan Rumah,2,247,0,16000.0,3040.0,11,12,8000000
2025-06-10,SKU-015,Kebutuhan Rumah,0,247,0,16000.0,3040.0,11,12,8000000
2025-06-11,SKU-015,Kebutuhan Rumah,0,247,0,16000.0,3040.0,11,12,8000000
2025-06-12,SKU-015,Kebutuhan Rumah,1,282,0,16000.0,3040.0,11,12,8000000
2025-06-13,SKU-015,Kebutuhan Rumah,4,278,0,16000.0,3040.0,11,12,8000000
2025-06-14,SKU-015,Kebutuhan Rumah,0,278,0,16000.0,3040.0,11,12,8000000
2025-06-15,SKU-015,Kebutuhan Rumah,0,278,0,16000.0,3040.0,11,12,8000000
2025-06-16,SKU-015,Kebutuhan Rumah,0,278,0,16000.0,3040.0,11,12,8000000
2025-06-17,SKU-015,Kebutuhan Rumah,0,278,0,16000.0,3040.0,11,12,8000000
2025-06-18,SKU-015,Kebutuhan Rumah,0,278,0,16000.0,3040.0,11,12,8000000
2025-06-19,SKU-015,Kebutuhan Rumah,0,278,0,16000.0,3040.0,11,12,8000000
2025-06-20,SKU-015,Kebutuhan Rumah,0,278,0,16000.0,3040.0,11,12,8000000
2025-06-21,SKU-015,Kebutuhan Rumah,0,278,0,16000.0,3040.0,11,12,8000000
2025-06-22,SKU-015,Kebutuhan Rumah,0,278,0,16000.0,3040.0,11,12,8000000
2025-06-23,SKU-015,Kebutuhan Rumah,3,275,0,16000.0,3040.0,11,12,8000000
2025-06-24,SKU-015,Kebutuhan Rumah,2,273,0,16000.0,3040.0,11,12,8000000
2025-06-25,SKU-015,Kebutuhan Rumah,0,273,0,16000.0,3040.0,11,12,8000000
2025-06-26,SKU-015,Kebutuhan Rumah,0,273,0,16000.0,3040.0,11,12,8000000
2025-06-27,SKU-015,Kebutuhan Rumah,0,273,0,16000.0,3040.0,11,12,8000000
2025-06-28,SKU-015,Kebutuhan Rumah,0,273,0,16000.0,3040.0,11,12,8000000
2025-06-29,SKU-015,Kebutuhan Rumah,0,273,0,16000.0,3040.0,11,12,8000000
2025-06-30,SKU-015,Kebutuhan Rumah,0,309,0,16000.0,3040.0,11,12,8000000
2025-07-01,SKU-015,Kebutuhan Rumah,0,309,0,16000.0,3040.0,11,12,8000000
2025-07-02,SKU-015,Kebutuhan Rumah,0,309,0,16000.0,3040.0,11,12,8000000
2025-07-03,SKU-015,Kebutuhan Rumah,2,307,0,16000.0,3040.0,11,12,8000000
2025-07-04,SKU-015,Kebutuhan Rumah,0,307,0,16000.0,3040.0,11,12,8000000
2025-07-05,SKU-015,Kebutuhan Rumah,0,307,0,16000.0,3040.0,11,12,8000000
2025-07-06,SKU-015,Kebutuhan Rumah,6,301,0,16000.0,3040.0,11,12,8000000
2025-07-07,SKU-015,Kebutuhan Rumah,4,297,0,16000.0,3040.0,11,12,8000000
2025-07-08,SKU-015,Kebutuhan Rumah,1,296,0,16000.0,3040.0,11,12,8000000
2025-07-09,SKU-015,Kebutuhan Rumah,0,296,0,16000.0,3040.0,11,12,8000000
2025-07-10,SKU-015,Kebutuhan Rumah,1,295,0,16000.0,3040.0,11,12,8000000
2025-07-11,SKU-015,Kebutuhan Rumah,0,295,0,16000.0,3040.0,11,12,8000000
2025-07-12,SKU-015,Kebutuhan Rumah,0,295,0,16000.0,3040.0,11,12,8000000
2025-07-13,SKU-015,Kebutuhan Rumah,0,295,0,16000.0,3040.0,11,12,8000000
2025-07-14,SKU-015,Kebutuhan Rumah,4,291,0,16000.0,3040.0,11,12,8000000
2025-07-15,SKU-015,Kebutuhan Rumah,0,291,0,16000.0,3040.0,11,12,8000000
2025-07-16,SKU-015,Kebutuhan Rumah,0,291,0,16000.0,3040.0,11,12,8000000
2025-07-17,SKU-015,Kebutuhan Rumah,0,291,0,16000.0,3040.0,11,12,8000000
2025-07-18,SKU-015,Kebutuhan Rumah,0,327,0,16000.0,3040.0,11,12,8000000
2025-07-19,SKU-015,Kebutuhan Rumah,4,323,0,16000.0,3040.0,11,12,8000000
2025-07-20,SKU-015,Kebutuhan Rumah,0,323,0,16000.0,3040.0,11,12,8000000
2025-07-21,SKU-015,Kebutuhan Rumah,0,323,0,16000.0,3040.0,11,12,8000000
2025-07-22,SKU-015,Kebutuhan Rumah,0,323,0,16000.0,3040.0,11,12,8000000
2025-07-23,SKU-015,Kebutuhan Rumah,1,322,0,16000.0,3040.0,11,12,8000000
2025-07-24,SKU-015,Kebutuhan Rumah,0,322,0,16000.0,3040.0,11,12,8000000
2025-07-25,SKU-015,Kebutuhan Rumah,2,320,0,16000.0,3040.0,11,12,8000000
2025-07-26,SKU-015,Kebutuhan Rumah,2,318,0,16000.0,3040.0,11,12,8000000
2025-07-27,SKU-015,Kebutuhan Rumah,4,314,0,16000.0,3040.0,11,12,8000000
2025-07-28,SKU-015,Kebutuhan Rumah,3,311,0,16000.0,3040.0,11,12,8000000
2025-07-29,SKU-015,Kebutuhan Rumah,3,308,0,16000.0,3040.0,11,12,8000000
2025-07-30,SKU-015,Kebutuhan Rumah,0,308,0,16000.0,3040.0,11,12,8000000
2025-07-31,SKU-015,Kebutuhan Rumah,3,305,0,16000.0,3040.0,11,12,8000000
2025-08-01,SKU-015,Kebutuhan Rumah,1,304,0,16000.0,3040.0,11,12,8000000
2025-08-02,SKU-015,Kebutuhan Rumah,3,301,0,16000.0,3040.0,11,12,8000000
2025-08-03,SKU-015,Kebutuhan Rumah,0,301,0,16000.0,3040.0,11,12,8000000
2025-08-04,SKU-015,Kebutuhan Rumah,0,301,0,16000.0,3040.0,11,12,8000000
2025-08-05,SKU-015,Kebutuhan Rumah,0,337,0,16000.0,3040.0,11,12,8000000
2025-08-06,SKU-015,Kebutuhan Rumah,0,337,0,16000.0,3040.0,11,12,8000000
2025-08-07,SKU-015,Kebutuhan Rumah,0,337,0,16000.0,3040.0,11,12,8000000
2025-08-08,SKU-015,Kebutuhan Rumah,0,337,0,16000.0,3040.0,11,12,8000000
2025-01-01,SKU-016,Perawatan,1,87,0,18250.0,4106.25,3,24,8000000
2025-01-02,SKU-016,Perawatan,4,83,0,18250.0,4106.25,3,24,8000000
2025-01-03,SKU-016,Perawatan,1,82,0,18250.0,4106.25,3,24,8000000
2025-01-04,SKU-016,Perawatan,2,80,0,18250.0,4106.25,3,24,8000000
2025-01-05,SKU-016,Perawatan,5,75,0,18250.0,4106.25,3,24,8000000
2025-01-06,SKU-016,Perawatan,2,73,0,18250.0,4106.25,3,24,8000000
2025-01-07,SKU-016,Perawatan,1,72,0,18250.0,4106.25,3,24,8000000
2025-01-08,SKU-016,Perawatan,1,71,0,18250.0,4106.25,3,24,8000000
2025-01-09,SKU-016,Perawatan,1,70,0,18250.0,4106.25,3,24,8000000
2025-01-10,SKU-016,Perawatan,1,69,0,18250.0,4106.25,3,24,8000000
2025-01-11,SKU-016,Perawatan,1,116,0,18250.0,4106.25,3,24,8000000
2025-01-12,SKU-016,Perawatan,2,114,0,18250.0,4106.25,3,24,8000000
2025-01-13,SKU-016,Perawatan,2,112,0,18250.0,4106.25,3,24,8000000
2025-01-14,SKU-016,Perawatan,2,110,0,18250.0,4106.25,3,24,8000000
2025-01-15,SKU-016,Perawatan,3,107,0,18250.0,4106.25,3,24,8000000
2025-01-16,SKU-016,Perawatan,1,106,0,18250.0,4106.25,3,24,8000000
2025-01-17,SKU-016,Perawatan,0,106,0,18250.0,4106.25,3,24,8000000
2025-01-18,SKU-016,Perawatan,5,101,0,18250.0,4106.25,3,24,8000000
2025-01-19,SKU-016,Perawatan,2,99,0,18250.0,4106.25,3,24,8000000
2025-01-20,SKU-016,Perawatan,3,96,0,18250.0,4106.25,3,24,8000000
2025-01-21,SKU-016,Perawatan,1,143,0,18250.0,4106.25,3,24,8000000
2025-01-22,SKU-016,Perawatan,2,141,0,18250.0,4106.25,3,24,8000000
2025-01-23,SKU-016,Perawatan,2,139,0,18250.0,4106.25,3,24,8000000
2025-01-24,SKU-016,Perawatan,2,137,0,18250.0,4106.25,3,24,8000000
2025-01-25,SKU-016,Perawatan,7,130,0,18250.0,4106.25,3,24,8000000
2025-01-26,SKU-016,Perawatan,8,122,0,18250.0,4106.25,3,24,8000000
2025-01-27,SKU-016,Perawatan,5,117,0,18250.0,4106.25,3,24,8000000
2025-01-28,SKU-016,Perawatan,1,116,0,18250.0,4106.25,3,24,8000000
2025-01-29,SKU-016,Perawatan,1,115,0,18250.0,4106.25,3,24,8000000
2025-01-30,SKU-016,Perawatan,4,111,0,18250.0,4106.25,3,24,8000000
2025-01-31,SKU-016,Perawatan,0,159,0,18250.0,4106.25,3,24,8000000
2025-02-01,SKU-016,Perawatan,1,158,0,18250.0,4106.25,3,24,8000000
2025-02-02,SKU-016,Perawatan,3,155,0,18250.0,4106.25,3,24,8000000
2025-02-03,SKU-016,Perawatan,0,155,0,18250.0,4106.25,3,24,8000000
2025-02-04,SKU-016,Perawatan,3,152,0,18250.0,4106.25,3,24,8000000
2025-02-05,SKU-016,Perawatan,2,150,0,18250.0,4106.25,3,24,8000000
2025-02-06,SKU-016,Perawatan,0,150,0,18250.0,4106.25,3,24,8000000
2025-02-07,SKU-016,Perawatan,4,146,0,18250.0,4106.25,3,24,8000000
2025-02-08,SKU-016,Perawatan,5,141,0,18250.0,4106.25,3,24,8000000
2025-02-09,SKU-016,Perawatan,5,136,0,18250.0,4106.25,3,24,8000000
2025-02-10,SKU-016,Perawatan,1,183,0,18250.0,4106.25,3,24,8000000
2025-02-11,SKU-016,Perawatan,1,182,0,18250.0,4106.25,3,24,8000000
2025-02-12,SKU-016,Perawatan,3,179,0,18250.0,4106.25,3,24,8000000
2025-02-13,SKU-016,Perawatan,2,177,0,18250.0,4106.25,3,24,8000000
2025-02-14,SKU-016,Perawatan,5,172,0,18250.0,4106.25,3,24,8000000
2025-02-15,SKU-016,Perawatan,1,171,0,18250.0,4106.25,3,24,8000000
2025-02-16,SKU-016,Perawatan,3,168,0,18250.0,4106.25,3,24,8000000
2025-02-17,SKU-016,Perawatan,1,167,0,18250.0,4106.25,3,24,8000000
2025-02-18,SKU-016,Perawatan,5,162,0,18250.0,4106.25,3,24,8000000
2025-02-19,SKU-016,Perawatan,3,159,0,18250.0,4106.25,3,24,8000000
2025-02-20,SKU-016,Perawatan,3,204,0,18250.0,4106.25,3,24,8000000
2025-02-21,SKU-016,Perawatan,1,203,0,18250.0,4106.25,3,24,8000000
2025-02-22,SKU-016,Perawatan,5,198,0,18250.0,4106.25,3,24,8000000
2025-02-23,SKU-016,Perawatan,0,198,0,18250.0,4106.25,3,24,8000000
2025-02-24,SKU-016,Perawatan,5,193,0,18250.0,4106.25,3,24,8000000
2025-02-25,SKU-016,Perawatan,5,188,0,18250.0,4106.25,3,24,8000000
2025-02-26,SKU-016,Perawatan,1,187,0,18250.0,4106.25,3,24,8000000
2025-02-27,SKU-016,Perawatan,3,184,0,18250.0,4106.25,3,24,8000000
2025-02-28,SKU-016,Perawatan,4,180,0,18250.0,4106.25,3,24,8000000
2025-03-01,SKU-016,Perawatan,3,177,0,18250.0,4106.25,3,24,8000000
2025-03-02,SKU-016,Perawatan,6,219,0,18250.0,4106.25,3,24,8000000
2025-03-03,SKU-016,Perawatan,2,217,0,18250.0,4106.25,3,24,8000000
2025-03-04,SKU-016,Perawatan,3,214,0,18250.0,4106.25,3,24,8000000
2025-03-05,SKU-016,Perawatan,0,214,0,18250.0,4106.25,3,24,8000000
2025-03-06,SKU-016,Perawatan,4,210,0,18250.0,4106.25,3,24,8000000
2025-03-07,SKU-016,Perawatan,1,209,0,18250.0,4106.25,3,24,8000000
2025-03-08,SKU-016,Perawatan,1,208,0,18250.0,4106.25,3,24,8000000
2025-03-09,SKU-016,Perawatan,5,203,0,18250.0,4106.25,3,24,8000000
2025-03-10,SKU-016,Perawatan,2,201,0,18250.0,4106.25,3,24,8000000
2025-03-11,SKU-016,Perawatan,1,200,0,18250.0,4106.25,3,24,8000000
2025-03-12,SKU-016,Perawatan,5,243,0,18250.0,4106.25,3,24,8000000
2025-03-13,SKU-016,Perawatan,4,239,0,18250.0,4106.25,3,24,8000000
2025-03-14,SKU-016,Perawatan,2,237,0,18250.0,4106.25,3,24,8000000
2025-03-15,SKU-016,Perawatan,5,232,0,18250.0,4106.25,3,24,8000000
2025-03-16,SKU-016,Perawatan,2,230,0,18250.0,4106.25,3,24,8000000
2025-03-17,SKU-016,Perawatan,0,230,0,18250.0,4106.25,3,24,8000000
2025-03-18,SKU-016,Perawatan,4,226,0,18250.0,4106.25,3,24,8000000
2025-03-19,SKU-016,Perawatan,4,222,0,18250.0,4106.25,3,24,8000000
2025-03-20,SKU-016,Perawatan,4,218,0,18250.0,4106.25,3,24,8000000
2025-03-21,SKU-016,Perawatan,1,217,0,18250.0,4106.25,3,24,8000000
2025-03-22,SKU-016,Perawatan,4,261,0,18250.0,4106.25,3,24,8000000
2025-03-23,SKU-016,Perawatan,3,258,0,18250.0,4106.25,3,24,8000000
2025-03-24,SKU-016,Perawatan,2,256,0,18250.0,4106.25,3,24,8000000
2025-03-25,SKU-016,Perawatan,5,251,0,18250.0,4106.25,3,24,8000000
2025-03-26,SKU-016,Perawatan,0,251,0,18250.0,4106.25,3,24,8000000
2025-03-27,SKU-016,Perawatan,4,247,0,18250.0,4106.25,3,24,8000000
2025-03-28,SKU-016,Perawatan,1,246,0,18250.0,4106.25,3,24,8000000
2025-03-29,SKU-016,Perawatan,2,244,0,18250.0,4106.25,3,24,8000000
2025-03-30,SKU-016,Perawatan,3,241,0,18250.0,4106.25,3,24,8000000
2025-03-31,SKU-016,Perawatan,4,237,0,18250.0,4106.25,3,24,8000000
2025-04-01,SKU-016,Perawatan,4,281,0,18250.0,4106.25,3,24,8000000
2025-04-02,SKU-016,Perawatan,1,280,0,18250.0,4106.25,3,24,8000000
2025-04-03,SKU-016,Perawatan,4,276,0,18250.0,4106.25,3,24,8000000
2025-04-04,SKU-016,Perawatan,1,275,0,18250.0,4106.25,3,24,8000000
2025-04-05,SKU-016,Perawatan,5,270,0,18250.0,4106.25,3,24,8000000
2025-04-06,SKU-016,Perawatan,4,266,0,18250.0,4106.25,3,24,8000000
2025-04-07,SKU-016,Perawatan,3,263,0,18250.0,4106.25,3,24,8000000
2025-04-08,SKU-016,Perawatan,1,262,0,18250.0,4106.25,3,24,8000000
2025-04-09,SKU-016,Perawatan,2,260,0,18250.0,4106.25,3,24,8000000
2025-04-10,SKU-016,Perawatan,2,258,0,18250.0,4106.25,3,24,8000000
2025-04-11,SKU-016,Perawatan,0,306,0,18250.0,4106.25,3,24,8000000
2025-04-12,SKU-016,Perawatan,3,303,0,18250.0,4106.25,3,24,8000000
2025-04-13,SKU-016,Perawatan,4,299,0,18250.0,4106.25,3,24,8000000
2025-04-14,SKU-016,Perawatan,1,298,0,18250.0,4106.25,3,24,8000000
2025-04-15,SKU-016,Perawatan,3,295,0,18250.0,4106.25,3,24,8000000
2025-04-16,SKU-016,Perawatan,2,293,0,18250.0,4106.25,3,24,8000000
2025-04-17,SKU-016,Perawatan,2,291,0,18250.0,4106.25,3,24,8000000
2025-04-18,SKU-016,Perawatan,3,288,0,18250.0,4106.25,3,24,8000000
2025-04-19,SKU-016,Perawatan,3,285,0,18250.0,4106.25,3,24,8000000
2025-04-20,SKU-016,Perawatan,5,280,0,18250.0,4106.25,3,24,8000000
2025-04-21,SKU-016,Perawatan,2,326,0,18250.0,4106.25,3,24,8000000
2025-04-22,SKU-016,Perawatan,2,324,0,18250.0,4106.25,3,24,8000000
2025-04-23,SKU-016,Perawatan,4,320,0,18250.0,4106.25,3,24,8000000
2025-04-24,SKU-016,Perawatan,1,319,0,18250.0,4106.25,3,24,8000000
2025-04-25,SKU-016,Perawatan,3,316,0,18250.0,4106.25,3,24,8000000
2025-04-26,SKU-016,Perawatan,0,316,0,18250.0,4106.25,3,24,8000000
2025-04-27,SKU-016,Perawatan,5,311,0,18250.0,4106.25,3,24,8000000
2025-04-28,SKU-016,Perawatan,2,309,0,18250.0,4106.25,3,24,8000000
2025-04-29,SKU-016,Perawatan,1,308,0,18250.0,4106.25,3,24,8000000
2025-04-30,SKU-016,Perawatan,5,303,0,18250.0,4106.25,3,24,8000000
2025-05-01,SKU-016,Perawatan,2,349,0,18250.0,4106.25,3,24,8000000
2025-05-02,SKU-016,Perawatan,4,345,0,18250.0,4106.25,3,24,8000000
2025-05-03,SKU-016,Perawatan,6,339,0,18250.0,4106.25,3,24,8000000
2025-05-04,SKU-016,Perawatan,3,336,0,18250.0,4106.25,3,24,8000000
2025-05-05,SKU-016,Perawatan,3,333,0,18250.0,4106.25,3,24,8000000
2025-05-06,SKU-016,Perawatan,2,331,0,18250.0,4106.25,3,24,8000000
2025-05-07,SKU-016,Perawatan,3,328,0,18250.0,4106.25,3,24,8000000
2025-05-08,SKU-016,Perawatan,3,325,0,18250.0,4106.25,3,24,8000000
2025-05-09,SKU-016,Perawatan,6,319,0,18250.0,4106.25,3,24,8000000
2025-05-10,SKU-016,Perawatan,2,317,0,18250.0,4106.25,3,24,8000000
2025-05-11,SKU-016,Perawatan,7,358,0,18250.0,4106.25,3,24,8000000
2025-05-12,SKU-016,Perawatan,3,355,0,18250.0,4106.25,3,24,8000000
2025-05-13,SKU-016,Perawatan,0,355,0,18250.0,4106.25,3,24,8000000
2025-05-14,SKU-016,Perawatan,1,354,0,18250.0,4106.25,3,24,8000000
2025-05-15,SKU-016,Perawatan,4,350,0,18250.0,4106.25,3,24,8000000
2025-05-16,SKU-016,Perawatan,3,347,0,18250.0,4106.25,3,24,8000000
2025-05-17,SKU-016,Perawatan,7,340,0,18250.0,4106.25,3,24,8000000
2025-05-18,SKU-016,Perawatan,5,335,0,18250.0,4106.25,3,24,8000000
2025-05-19,SKU-016,Perawatan,4,331,0,18250.0,4106.25,3,24,8000000
2025-05-20,SKU-016,Perawatan,3,328,0,18250.0,4106.25,3,24,8000000
2025-05-21,SKU-016,Perawatan,1,375,0,18250.0,4106.25,3,24,8000000
2025-05-22,SKU-016,Perawatan,3,372,0,18250.0,4106.25,3,24,8000000
2025-05-23,SKU-016,Perawatan,4,368,0,18250.0,4106.25,3,24,8000000
2025-05-24,SKU-016,Perawatan,5,363,0,18250.0,4106.25,3,24,8000000
2025-05-25,SKU-016,Perawatan,2,361,0,18250.0,4106.25,3,24,8000000
2025-05-26,SKU-016,Perawatan,8,353,0,18250.0,4106.25,3,24,8000000
2025-05-27,SKU-016,Perawatan,4,349,0,18250.0,4106.25,3,24,8000000
2025-05-28,SKU-016,Perawatan,5,344,0,18250.0,4106.25,3,24,8000000
2025-05-29,SKU-016,Perawatan,2,342,0,18250.0,4106.25,3,24,8000000
2025-05-30,SKU-016,Perawatan,1,341,0,18250.0,4106.25,3,24,8000000
2025-05-31,SKU-016,Perawatan,6,383,0,18250.0,4106.25,3,24,8000000
2025-06-01,SKU-016,Perawatan,2,381,0,18250.0,4106.25,3,24,8000000
2025-06-02,SKU-016,Perawatan,5,376,0,18250.0,4106.25,3,24,8000000
2025-06-03,SKU-016,Perawatan,2,374,0,18250.0,4106.25,3,24,8000000
2025-06-04,SKU-016,Perawatan,2,372,0,18250.0,4106.25,3,24,8000000
2025-06-05,SKU-016,Perawatan,5,367,0,18250.0,4106.25,3,24,8000000
2025-06-06,SKU-016,Perawatan,3,364,0,18250.0,4106.25,3,24,8000000
2025-06-07,SKU-016,Perawatan,2,362,0,18250.0,4106.25,3,24,8000000
2025-06-08,SKU-016,Perawatan,4,358,0,18250.0,4106.25,3,24,8000000
2025-06-09,SKU-016,Perawatan,2,356,0,18250.0,4106.25,3,24,8000000
2025-06-10,SKU-016,Perawatan,0,404,0,18250.0,4106.25,3,24,8000000
2025-06-11,SKU-016,Perawatan,3,401,0,18250.0,4106.25,3,24,8000000
2025-06-12,SKU-016,Perawatan,4,397,0,18250.0,4106.25,3,24,8000000
2025-06-13,SKU-016,Perawatan,1,396,0,18250.0,4106.25,3,24,8000000
2025-06-14,SKU-016,Perawatan,2,394,0,18250.0,4106.25,3,24,8000000
2025-06-15,SKU-016,Perawatan,5,389,0,18250.0,4106.25,3,24,8000000
2025-06-16,SKU-016,Perawatan,4,385,0,18250.0,4106.25,3,24,8000000
2025-06-17,SKU-016,Perawatan,4,381,0,18250.0,4106.25,3,24,8000000
2025-06-18,SKU-016,Perawatan,3,378,0,18250.0,4106.25,3,24,8000000
2025-06-19,SKU-016,Perawatan,2,376,0,18250.0,4106.25,3,24,8000000
2025-06-20,SKU-016,Perawatan,1,423,0,18250.0,4106.25,3,24,8000000
2025-06-21,SKU-016,Perawatan,2,421,0,18250.0,4106.25,3,24,8000000
2025-06-22,SKU-016,Perawatan,3,418,0,18250.0,4106.25,3,24,8000000
2025-06-23,SKU-016,Perawatan,3,415,0,18250.0,4106.25,3,24,8000000
2025-06-24,SKU-016,Perawatan,1,414,0,18250.0,4106.25,3,24,8000000
2025-06-25,SKU-016,Perawatan,3,411,0,18250.0,4106.25,3,24,8000000
2025-06-26,SKU-016,Perawatan,1,410,0,18250.0,4106.25,3,24,8000000
2025-06-27,SKU-016,Perawatan,1,409,0,18250.0,4106.25,3,24,8000000
2025-06-28,SKU-016,Perawatan,7,402,0,18250.0,4106.25,3,24,8000000
2025-06-29,SKU-016,Perawatan,4,398,0,18250.0,4106.25,3,24,8000000
2025-06-30,SKU-016,Perawatan,2,444,0,18250.0,4106.25,3,24,8000000
2025-07-01,SKU-016,Perawatan,3,441,0,18250.0,4106.25,3,24,8000000
2025-07-02,SKU-016,Perawatan,3,438,0,18250.0,4106.25,3,24,8000000
2025-07-03,SKU-016,Perawatan,1,437,0,18250.0,4106.25,3,24,8000000
2025-07-04,SKU-016,Perawatan,2,435,0,18250.0,4106.25,3,24,8000000
2025-07-05,SKU-016,Perawatan,3,432,0,18250.0,4106.25,3,24,8000000
2025-07-06,SKU-016,Perawatan,6,426,0,18250.0,4106.25,3,24,8000000
2025-07-07,SKU-016,Perawatan,2,424,0,18250.0,4106.25,3,24,8000000
2025-07-08,SKU-016,Perawatan,2,422,0,18250.0,4106.25,3,24,8000000
2025-07-09,SKU-016,Perawatan,7,415,0,18250.0,4106.25,3,24,8000000
2025-07-10,SKU-016,Perawatan,3,460,0,18250.0,4106.25,3,24,8000000
2025-07-11,SKU-016,Perawatan,3,457,0,18250.0,4106.25,3,24,8000000
2025-07-12,SKU-016,Perawatan,5,452,0,18250.0,4106.25,3,24,8000000
2025-07-13,SKU-016,Perawatan,4,448,0,18250.0,4106.25,3,24,8000000
2025-07-14,SKU-016,Perawatan,4,444,0,18250.0,4106.25,3,24,8000000
2025-07-15,SKU-016,Perawatan,2,442,0,18250.0,4106.25,3,24,8000000
2025-07-16,SKU-016,Perawatan,1,441,0,18250.0,4106.25,3,24,8000000
2025-07-17,SKU-016,Perawatan,2,439,0,18250.0,4106.25,3,24,8000000
2025-07-18,SKU-016,Perawatan,3,436,0,18250.0,4106.25,3,24,8000000
2025-07-19,SKU-016,Perawatan,6,430,0,18250.0,4106.25,3,24,8000000
2025-07-20,SKU-016,Perawatan,4,474,0,18250.0,4106.25,3,24,8000000
2025-07-21,SKU-016,Perawatan,2,472,0,18250.0,4106.25,3,24,8000000
2025-07-22,SKU-016,Perawatan,4,468,0,18250.0,4106.25,3,24,8000000
2025-07-23,SKU-016,Perawatan,2,466,0,18250.0,4106.25,3,24,8000000
2025-07-24,SKU-016,Perawatan,1,465,0,18250.0,4106.25,3,24,8000000
2025-07-25,SKU-016,Perawatan,5,460,0,18250.0,4106.25,3,24,8000000
2025-07-26,SKU-016,Perawatan,1,459,0,18250.0,4106.25,3,24,8000000
2025-07-27,SKU-016,Perawatan,2,457,0,18250.0,4106.25,3,24,8000000
2025-07-28,SKU-016,Perawatan,1,456,0,18250.0,4106.25,3,24,8000000
2025-07-29,SKU-016,Perawatan,3,453,0,18250.0,4106.25,3,24,8000000
2025-07-30,SKU-016,Perawatan,2,499,0,18250.0,4106.25,3,24,8000000
2025-07-31,SKU-016,Perawatan,3,496,0,18250.0,4106.25,3,24,8000000
2025-08-01,SKU-016,Perawatan,6,490,0,18250.0,4106.25,3,24,8000000
2025-08-02,SKU-016,Perawatan,9,481,0,18250.0,4106.25,3,24,8000000
2025-08-03,SKU-016,Perawatan,6,475,0,18250.0,4106.25,3,24,8000000
2025-08-04,SKU-016,Perawatan,4,471,0,18250.0,4106.25,3,24,8000000
2025-08-05,SKU-016,Perawatan,5,466,0,18250.0,4106.25,3,24,8000000
2025-08-06,SKU-016,Perawatan,2,464,0,18250.0,4106.25,3,24,8000000
2025-08-07,SKU-016,Perawatan,1,463,0,18250.0,4106.25,3,24,8000000
2025-08-08,SKU-016,Perawatan,5,458,0,18250.0,4106.25,3,24,8000000
